ID,subscribed
2866,0.5
1957,0.5
768,0.5
4510,0.5
7893,0.5
5540,0.5
385,0.5
5152,0.5
1770,0.5
5779,0.5
4365,0.5
917,0.5
2127,0.5
2522,0.5
7039,0.5
3312,0.5
5043,0.5
1087,0.5
3812,0.5
6237,0.5
4125,0.5
4751,0.5
2508,0.5
2753,0.5
2280,0.5
5975,0.5
6328,0.5
4908,0.5
1865,0.5
6535,0.5
7716,0.5
4112,0.5
6048,0.5
6017,0.5
8056,0.5
209,0.5
111,0.5
6264,0.5
2063,0.5
5006,0.5
204,0.5
494,0.5
6606,0.5
228,0.5
8084,0.5
6423,0.5
3890,0.5
7129,0.5
2188,0.5
5111,0.5
3523,0.5
659,0.5
5659,0.5
7130,0.5
2428,0.5
1431,0.5
1861,0.5
3431,0.5
6615,0.5
7161,0.5
4104,0.5
2940,0.5
2821,0.5
6290,0.5
7925,0.5
6840,0.5
2387,0.5
1950,0.5
4405,0.5
1745,0.5
4970,0.5
7420,0.5
1887,0.5
2476,0.5
6141,0.5
3332,0.5
2040,0.5
1313,0.5
1543,0.5
1701,0.5
7205,0.5
1970,0.5
1984,0.5
4308,0.5
2974,0.5
5382,0.5
6725,0.5
4808,0.5
5068,0.5
5044,0.5
4911,0.5
6482,0.5
3142,0.5
7371,0.5
3729,0.5
2870,0.5
1125,0.5
3451,0.5
1447,0.5
5418,0.5
6662,0.5
3868,0.5
3260,0.5
7615,0.5
6252,0.5
7640,0.5
7166,0.5
5027,0.5
7892,0.5
5878,0.5
6337,0.5
1085,0.5
7935,0.5
2730,0.5
1373,0.5
4974,0.5
5020,0.5
3932,0.5
2149,0.5
948,0.5
7429,0.5
6111,0.5
1309,0.5
1461,0.5
7632,0.5
3477,0.5
6795,0.5
3373,0.5
3990,0.5
3253,0.5
4992,0.5
1853,0.5
7460,0.5
5307,0.5
2320,0.5
6082,0.5
4333,0.5
4243,0.5
663,0.5
3371,0.5
6210,0.5
6090,0.5
936,0.5
3375,0.5
3037,0.5
7482,0.5
5455,0.5
8039,0.5
3223,0.5
3105,0.5
5457,0.5
4237,0.5
4302,0.5
3295,0.5
4461,0.5
5321,0.5
2448,0.5
2846,0.5
5845,0.5
514,0.5
5438,0.5
3848,0.5
3994,0.5
3024,0.5
4653,0.5
974,0.5
2468,0.5
8208,0.5
4050,0.5
6305,0.5
2398,0.5
1708,0.5
1068,0.5
6663,0.5
1669,0.5
7267,0.5
4130,0.5
175,0.5
2351,0.5
2694,0.5
848,0.5
5261,0.5
6024,0.5
3272,0.5
3120,0.5
6408,0.5
4271,0.5
5952,0.5
3465,0.5
3316,0.5
568,0.5
6159,0.5
5125,0.5
5349,0.5
3326,0.5
2813,0.5
2037,0.5
1,0.5
4145,0.5
5817,0.5
2091,0.5
6756,0.5
110,0.5
7767,0.5
7794,0.5
1468,0.5
6898,0.5
6646,0.5
3874,0.5
4518,0.5
6096,0.5
4368,0.5
3770,0.5
4392,0.5
7992,0.5
7196,0.5
1383,0.5
1190,0.5
2163,0.5
2089,0.5
6742,0.5
2764,0.5
8008,0.5
5078,0.5
4127,0.5
7635,0.5
2247,0.5
7670,0.5
5874,0.5
1422,0.5
6533,0.5
591,0.5
7288,0.5
4793,0.5
138,0.5
7779,0.5
1188,0.5
4780,0.5
7426,0.5
3107,0.5
4723,0.5
5475,0.5
6886,0.5
4154,0.5
6531,0.5
703,0.5
4241,0.5
3285,0.5
6396,0.5
74,0.5
1364,0.5
295,0.5
7951,0.5
7197,0.5
5388,0.5
7009,0.5
6387,0.5
7441,0.5
7554,0.5
2586,0.5
462,0.5
1804,0.5
5900,0.5
3049,0.5
4676,0.5
2691,0.5
3012,0.5
2985,0.5
8214,0.5
1265,0.5
755,0.5
5737,0.5
1779,0.5
1197,0.5
7251,0.5
778,0.5
4426,0.5
6814,0.5
5259,0.5
7271,0.5
4176,0.5
1564,0.5
347,0.5
2619,0.5
4648,0.5
37,0.5
7516,0.5
5005,0.5
4291,0.5
8179,0.5
2123,0.5
8165,0.5
8119,0.5
7490,0.5
3460,0.5
5666,0.5
1252,0.5
1698,0.5
6342,0.5
495,0.5
2225,0.5
41,0.5
4791,0.5
2393,0.5
5770,0.5
5526,0.5
426,0.5
7012,0.5
1714,0.5
1625,0.5
1223,0.5
6272,0.5
1175,0.5
1699,0.5
2883,0.5
1915,0.5
6547,0.5
3674,0.5
2201,0.5
2397,0.5
121,0.5
5798,0.5
3233,0.5
5758,0.5
6026,0.5
2048,0.5
5414,0.5
6601,0.5
784,0.5
5577,0.5
3232,0.5
4732,0.5
3576,0.5
5270,0.5
8181,0.5
8125,0.5
8233,0.5
7115,0.5
1416,0.5
6986,0.5
3028,0.5
1117,0.5
7162,0.5
3009,0.5
2751,0.5
7478,0.5
3110,0.5
7310,0.5
6181,0.5
3410,0.5
892,0.5
6632,0.5
6474,0.5
6586,0.5
7631,0.5
242,0.5
533,0.5
7542,0.5
6805,0.5
2384,0.5
459,0.5
3531,0.5
909,0.5
7901,0.5
5905,0.5
6426,0.5
5886,0.5
5180,0.5
4527,0.5
4393,0.5
3746,0.5
8047,0.5
1070,0.5
2529,0.5
2227,0.5
6071,0.5
4677,0.5
7505,0.5
4379,0.5
2452,0.5
7260,0.5
519,0.5
577,0.5
4609,0.5
314,0.5
15,0.5
6066,0.5
2505,0.5
869,0.5
83,0.5
6006,0.5
3525,0.5
2829,0.5
3799,0.5
2499,0.5
5029,0.5
2838,0.5
162,0.5
4804,0.5
676,0.5
6834,0.5
2517,0.5
6968,0.5
3941,0.5
4005,0.5
4000,0.5
5069,0.5
7976,0.5
3044,0.5
7414,0.5
5034,0.5
3644,0.5
2687,0.5
6574,0.5
4912,0.5
4507,0.5
214,0.5
6153,0.5
5802,0.5
6775,0.5
5846,0.5
7096,0.5
8175,0.5
2896,0.5
993,0.5
1763,0.5
8009,0.5
6558,0.5
1636,0.5
7421,0.5
5850,0.5
2720,0.5
1350,0.5
7221,0.5
3018,0.5
6780,0.5
6045,0.5
1568,0.5
5935,0.5
3163,0.5
926,0.5
5671,0.5
6166,0.5
4268,0.5
717,0.5
1818,0.5
2343,0.5
5568,0.5
7966,0.5
7745,0.5
3134,0.5
3887,0.5
6704,0.5
1873,0.5
6985,0.5
1032,0.5
1757,0.5
7878,0.5
6277,0.5
6296,0.5
5051,0.5
489,0.5
1204,0.5
1191,0.5
605,0.5
4560,0.5
3073,0.5
7805,0.5
5718,0.5
1198,0.5
3397,0.5
1015,0.5
6745,0.5
7059,0.5
1051,0.5
5146,0.5
1272,0.5
1261,0.5
2577,0.5
6605,0.5
7610,0.5
8219,0.5
992,0.5
7062,0.5
4743,0.5
6179,0.5
6,0.5
4553,0.5
4537,0.5
5650,0.5
2017,0.5
2684,0.5
2629,0.5
6717,0.5
3313,0.5
4052,0.5
2595,0.5
4431,0.5
5132,0.5
482,0.5
6827,0.5
2869,0.5
7180,0.5
3684,0.5
5708,0.5
1335,0.5
3638,0.5
6820,0.5
7292,0.5
3612,0.5
3934,0.5
5877,0.5
4357,0.5
2900,0.5
60,0.5
520,0.5
7181,0.5
3677,0.5
8092,0.5
4288,0.5
197,0.5
3059,0.5
4924,0.5
3112,0.5
383,0.5
3283,0.5
529,0.5
6338,0.5
2235,0.5
410,0.5
6961,0.5
6702,0.5
2502,0.5
1911,0.5
6617,0.5
6035,0.5
3185,0.5
1735,0.5
5294,0.5
8030,0.5
4016,0.5
3898,0.5
1243,0.5
4855,0.5
7491,0.5
1096,0.5
3311,0.5
4971,0.5
5721,0.5
2255,0.5
8108,0.5
3643,0.5
6975,0.5
186,0.5
4595,0.5
2514,0.5
4413,0.5
4119,0.5
1927,0.5
1472,0.5
433,0.5
2766,0.5
2008,0.5
5052,0.5
5580,0.5
4170,0.5
1279,0.5
2925,0.5
5105,0.5
5330,0.5
1859,0.5
6504,0.5
3502,0.5
5635,0.5
726,0.5
4096,0.5
3645,0.5
6916,0.5
6164,0.5
22,0.5
4256,0.5
6199,0.5
5238,0.5
8203,0.5
6956,0.5
930,0.5
5196,0.5
211,0.5
6251,0.5
3314,0.5
3366,0.5
3838,0.5
5771,0.5
3065,0.5
171,0.5
1533,0.5
3697,0.5
7787,0.5
1003,0.5
3727,0.5
8155,0.5
5049,0.5
2153,0.5
860,0.5
962,0.5
2995,0.5
463,0.5
2786,0.5
886,0.5
1916,0.5
3549,0.5
3131,0.5
1150,0.5
3172,0.5
2675,0.5
2335,0.5
4687,0.5
1363,0.5
5115,0.5
1659,0.5
3213,0.5
5119,0.5
1794,0.5
4853,0.5
7237,0.5
3157,0.5
6132,0.5
528,0.5
3989,0.5
8102,0.5
4255,0.5
633,0.5
4059,0.5
8237,0.5
7729,0.5
6624,0.5
5565,0.5
3884,0.5
4325,0.5
6988,0.5
1196,0.5
2413,0.5
6068,0.5
7622,0.5
4015,0.5
585,0.5
5588,0.5
130,0.5
1076,0.5
5298,0.5
6223,0.5
6551,0.5
2921,0.5
4720,0.5
1514,0.5
4779,0.5
3545,0.5
798,0.5
1715,0.5
4038,0.5
7311,0.5
4482,0.5
5435,0.5
7279,0.5
4770,0.5
4763,0.5
7098,0.5
3973,0.5
3151,0.5
127,0.5
4638,0.5
7333,0.5
1549,0.5
4084,0.5
906,0.5
2637,0.5
2700,0.5
4359,0.5
3348,0.5
2194,0.5
7284,0.5
2013,0.5
7385,0.5
1929,0.5
1387,0.5
4247,0.5
613,0.5
2430,0.5
7396,0.5
6187,0.5
5215,0.5
4761,0.5
4216,0.5
5001,0.5
7381,0.5
1662,0.5
6568,0.5
2946,0.5
7494,0.5
2306,0.5
3938,0.5
5453,0.5
7300,0.5
85,0.5
1510,0.5
1209,0.5
2472,0.5
1306,0.5
6940,0.5
2117,0.5
4495,0.5
7217,0.5
7879,0.5
188,0.5
4767,0.5
1022,0.5
6059,0.5
2309,0.5
341,0.5
1787,0.5
4662,0.5
4930,0.5
4240,0.5
4635,0.5
1878,0.5
5396,0.5
1493,0.5
2133,0.5
4311,0.5
1548,0.5
6501,0.5
5967,0.5
3439,0.5
6671,0.5
1042,0.5
1971,0.5
8196,0.5
1907,0.5
7289,0.5
4525,0.5
6997,0.5
8195,0.5
2470,0.5
6543,0.5
100,0.5
3725,0.5
3420,0.5
5999,0.5
4601,0.5
297,0.5
5367,0.5
3927,0.5
498,0.5
330,0.5
6116,0.5
7703,0.5
1286,0.5
2049,0.5
380,0.5
7477,0.5
1822,0.5
6873,0.5
7434,0.5
6441,0.5
240,0.5
2599,0.5
5740,0.5
7529,0.5
1555,0.5
7413,0.5
2480,0.5
4262,0.5
7152,0.5
6171,0.5
2492,0.5
3325,0.5
257,0.5
611,0.5
7213,0.5
4472,0.5
3983,0.5
2102,0.5
80,0.5
4227,0.5
6126,0.5
1106,0.5
2307,0.5
7958,0.5
3552,0.5
455,0.5
7231,0.5
3007,0.5
4748,0.5
7218,0.5
7983,0.5
352,0.5
3609,0.5
5122,0.5
7734,0.5
4711,0.5
3229,0.5
7328,0.5
7871,0.5
5204,0.5
887,0.5
6782,0.5
6087,0.5
4947,0.5
5978,0.5
7927,0.5
3338,0.5
4789,0.5
132,0.5
7058,0.5
801,0.5
609,0.5
3691,0.5
3079,0.5
7493,0.5
2543,0.5
6282,0.5
1438,0.5
5972,0.5
4812,0.5
809,0.5
3985,0.5
3949,0.5
7954,0.5
8080,0.5
831,0.5
8236,0.5
4299,0.5
402,0.5
3464,0.5
2422,0.5
3219,0.5
665,0.5
5011,0.5
2701,0.5
7658,0.5
4279,0.5
3152,0.5
3270,0.5
6548,0.5
6778,0.5
5989,0.5
7198,0.5
1498,0.5
1437,0.5
901,0.5
6227,0.5
4010,0.5
5882,0.5
5735,0.5
9,0.5
2834,0.5
1560,0.5
4674,0.5
6902,0.5
2673,0.5
3953,0.5
1658,0.5
7939,0.5
2927,0.5
2918,0.5
4785,0.5
4181,0.5
7687,0.5
6874,0.5
3759,0.5
5680,0.5
1083,0.5
2083,0.5
1778,0.5
2130,0.5
1780,0.5
6520,0.5
6752,0.5
7386,0.5
4664,0.5
2959,0.5
1581,0.5
5363,0.5
5946,0.5
4344,0.5
2679,0.5
5834,0.5
1680,0.5
3680,0.5
2027,0.5
2744,0.5
3132,0.5
2939,0.5
2073,0.5
2260,0.5
7224,0.5
3986,0.5
8103,0.5
4568,0.5
3434,0.5
3568,0.5
5262,0.5
5842,0.5
870,0.5
1717,0.5
4958,0.5
3751,0.5
2777,0.5
2909,0.5
4007,0.5
3343,0.5
3678,0.5
7077,0.5
5264,0.5
3599,0.5
3524,0.5
94,0.5
7369,0.5
4384,0.5
6811,0.5
4083,0.5
6390,0.5
5646,0.5
1754,0.5
2042,0.5
5776,0.5
5628,0.5
7358,0.5
2816,0.5
8224,0.5
7191,0.5
1382,0.5
2568,0.5
4704,0.5
7986,0.5
6577,0.5
914,0.5
2192,0.5
8101,0.5
6711,0.5
1450,0.5
7544,0.5
5862,0.5
2628,0.5
4328,0.5
8012,0.5
1145,0.5
1972,0.5
619,0.5
4640,0.5
1429,0.5
5743,0.5
449,0.5
1195,0.5
846,0.5
7452,0.5
6131,0.5
4616,0.5
445,0.5
5240,0.5
7724,0.5
6134,0.5
4862,0.5
8216,0.5
5516,0.5
6312,0.5
928,0.5
5538,0.5
4312,0.5
1264,0.5
7599,0.5
1495,0.5
2043,0.5
4360,0.5
7750,0.5
1002,0.5
3433,0.5
4960,0.5
3308,0.5
4946,0.5
7090,0.5
660,0.5
7121,0.5
2847,0.5
5255,0.5
477,0.5
1634,0.5
553,0.5
7461,0.5
6634,0.5
610,0.5
4582,0.5
1588,0.5
2530,0.5
2399,0.5
6693,0.5
5813,0.5
6841,0.5
6246,0.5
970,0.5
2778,0.5
156,0.5
7035,0.5
7862,0.5
4073,0.5
1817,0.5
7322,0.5
6309,0.5
7820,0.5
2797,0.5
2650,0.5
7759,0.5
4080,0.5
738,0.5
7024,0.5
1160,0.5
6140,0.5
7946,0.5
2549,0.5
8221,0.5
435,0.5
4188,0.5
4343,0.5
1663,0.5
2704,0.5
2889,0.5
6192,0.5
2427,0.5
1395,0.5
437,0.5
4519,0.5
3635,0.5
4787,0.5
2328,0.5
643,0.5
8024,0.5
2481,0.5
1802,0.5
6770,0.5
7496,0.5
5073,0.5
2257,0.5
5642,0.5
4072,0.5
4528,0.5
4102,0.5
4642,0.5
2570,0.5
4408,0.5
7793,0.5
1933,0.5
3516,0.5
4773,0.5
757,0.5
2272,0.5
4538,0.5
829,0.5
2663,0.5
2840,0.5
629,0.5
1806,0.5
941,0.5
26,0.5
2380,0.5
3492,0.5
2036,0.5
6730,0.5
4591,0.5
1665,0.5
1575,0.5
1214,0.5
6193,0.5
4003,0.5
3334,0.5
3971,0.5
1084,0.5
1453,0.5
2383,0.5
6261,0.5
4066,0.5
4818,0.5
1457,0.5
2432,0.5
3149,0.5
6740,0.5
6801,0.5
2865,0.5
1573,0.5
450,0.5
6274,0.5
3401,0.5
1036,0.5
6057,0.5
1614,0.5
5190,0.5
8170,0.5
1974,0.5
4772,0.5
6629,0.5
4313,0.5
2660,0.5
7001,0.5
5690,0.5
3459,0.5
3177,0.5
2964,0.5
3721,0.5
740,0.5
7692,0.5
2274,0.5
574,0.5
1719,0.5
5973,0.5
2929,0.5
5210,0.5
7402,0.5
1033,0.5
4117,0.5
5840,0.5
7720,0.5
5317,0.5
6792,0.5
2956,0.5
8033,0.5
6300,0.5
5948,0.5
8010,0.5
855,0.5
104,0.5
2157,0.5
1547,0.5
4831,0.5
2540,0.5
4757,0.5
3487,0.5
7390,0.5
7995,0.5
5854,0.5
6366,0.5
662,0.5
907,0.5
7753,0.5
5430,0.5
6265,0.5
1099,0.5
4600,0.5
5629,0.5
6271,0.5
7674,0.5
3124,0.5
6949,0.5
4447,0.5
298,0.5
7586,0.5
8176,0.5
4584,0.5
4762,0.5
7582,0.5
8076,0.5
1944,0.5
6463,0.5
5491,0.5
3688,0.5
2420,0.5
1065,0.5
551,0.5
6267,0.5
8059,0.5
7708,0.5
8146,0.5
7335,0.5
4580,0.5
268,0.5
3704,0.5
4555,0.5
3788,0.5
2338,0.5
2367,0.5
5056,0.5
7193,0.5
4319,0.5
8128,0.5
7813,0.5
6850,0.5
5104,0.5
1705,0.5
2455,0.5
6848,0.5
417,0.5
530,0.5
7232,0.5
3854,0.5
4588,0.5
4651,0.5
1862,0.5
4402,0.5
1670,0.5
7752,0.5
1702,0.5
2103,0.5
6998,0.5
759,0.5
1170,0.5
4,0.5
2346,0.5
95,0.5
5257,0.5
7641,0.5
1027,0.5
2051,0.5
708,0.5
2019,0.5
4863,0.5
1578,0.5
1098,0.5
3171,0.5
4948,0.5
2220,0.5
1475,0.5
2536,0.5
6889,0.5
832,0.5
490,0.5
6339,0.5
836,0.5
7378,0.5
4044,0.5
617,0.5
1850,0.5
7959,0.5
1366,0.5
5509,0.5
5966,0.5
6103,0.5
6897,0.5
4253,0.5
7101,0.5
1743,0.5
7900,0.5
6764,0.5
3033,0.5
3052,0.5
3755,0.5
3891,0.5
3629,0.5
6633,0.5
2862,0.5
82,0.5
6443,0.5
7898,0.5
2933,0.5
7170,0.5
2783,0.5
3250,0.5
584,0.5
7342,0.5
634,0.5
1314,0.5
5608,0.5
502,0.5
7489,0.5
320,0.5
5217,0.5
3413,0.5
5117,0.5
830,0.5
769,0.5
6900,0.5
6011,0.5
1783,0.5
3239,0.5
6935,0.5
822,0.5
10,0.5
5353,0.5
2423,0.5
3833,0.5
1744,0.5
2989,0.5
2894,0.5
2009,0.5
3016,0.5
5892,0.5
11,0.5
4695,0.5
2532,0.5
4200,0.5
3940,0.5
6771,0.5
5723,0.5
6386,0.5
835,0.5
780,0.5
6359,0.5
5804,0.5
5299,0.5
7081,0.5
4411,0.5
4656,0.5
7808,0.5
1114,0.5
2449,0.5
7700,0.5
1146,0.5
4337,0.5
304,0.5
3935,0.5
1497,0.5
6284,0.5
6776,0.5
5639,0.5
1582,0.5
3225,0.5
4491,0.5
3408,0.5
7488,0.5
7005,0.5
7547,0.5
1621,0.5
1747,0.5
3147,0.5
6353,0.5
1646,0.5
2800,0.5
6523,0.5
4334,0.5
1712,0.5
7469,0.5
1116,0.5
3723,0.5
7669,0.5
6979,0.5
2926,0.5
1182,0.5
322,0.5
2545,0.5
6885,0.5
2064,0.5
2313,0.5
2168,0.5
5672,0.5
4739,0.5
7746,0.5
1692,0.5
3335,0.5
2717,0.5
1161,0.5
3119,0.5
603,0.5
5223,0.5
6361,0.5
2672,0.5
5665,0.5
4661,0.5
3668,0.5
6943,0.5
1544,0.5
3242,0.5
6363,0.5
2709,0.5
4598,0.5
58,0.5
2895,0.5
5497,0.5
7797,0.5
6254,0.5
4850,0.5
1923,0.5
1439,0.5
6996,0.5
4596,0.5
3195,0.5
8097,0.5
8002,0.5
5136,0.5
7236,0.5
6399,0.5
7184,0.5
1496,0.5
537,0.5
6086,0.5
6478,0.5
5452,0.5
2527,0.5
7261,0.5
7626,0.5
5501,0.5
6308,0.5
1925,0.5
1466,0.5
3681,0.5
4581,0.5
5149,0.5
8015,0.5
7242,0.5
4300,0.5
2087,0.5
840,0.5
5424,0.5
3350,0.5
370,0.5
1843,0.5
6798,0.5
4182,0.5
2936,0.5
3929,0.5
4967,0.5
1963,0.5
4449,0.5
2677,0.5
569,0.5
3948,0.5
4212,0.5
2339,0.5
5544,0.5
1707,0.5
880,0.5
3254,0.5
337,0.5
1234,0.5
3047,0.5
397,0.5
4221,0.5
2271,0.5
8031,0.5
4367,0.5
3400,0.5
7387,0.5
5170,0.5
339,0.5
1232,0.5
7889,0.5
6334,0.5
1550,0.5
7997,0.5
1590,0.5
7341,0.5
1758,0.5
4304,0.5
6107,0.5
960,0.5
4952,0.5
1293,0.5
4928,0.5
2942,0.5
2177,0.5
7474,0.5
1266,0.5
143,0.5
6550,0.5
3100,0.5
3481,0.5
7877,0.5
4752,0.5
5632,0.5
1201,0.5
400,0.5
7307,0.5
2052,0.5
7113,0.5
3186,0.5
6726,0.5
2038,0.5
600,0.5
6603,0.5
2891,0.5
6226,0.5
6183,0.5
3910,0.5
724,0.5
2158,0.5
7120,0.5
7006,0.5
6229,0.5
4385,0.5
7856,0.5
1900,0.5
5574,0.5
4876,0.5
5589,0.5
7401,0.5
6240,0.5
7629,0.5
3762,0.5
8136,0.5
1174,0.5
1750,0.5
6433,0.5
2111,0.5
3023,0.5
24,0.5
7029,0.5
5805,0.5
7423,0.5
2377,0.5
6473,0.5
6970,0.5
7838,0.5
4933,0.5
6050,0.5
5247,0.5
7585,0.5
2454,0.5
1622,0.5
7457,0.5
2249,0.5
3429,0.5
4825,0.5
2726,0.5
1004,0.5
3169,0.5
4445,0.5
6225,0.5
4950,0.5
5490,0.5
1904,0.5
5774,0.5
2716,0.5
763,0.5
4187,0.5
6465,0.5
1661,0.5
6803,0.5
868,0.5
2852,0.5
3372,0.5
3979,0.5
3384,0.5
2992,0.5
6942,0.5
6109,0.5
1906,0.5
545,0.5
6169,0.5
3685,0.5
1444,0.5
7781,0.5
107,0.5
1992,0.5
2126,0.5
7466,0.5
3813,0.5
4032,0.5
6013,0.5
5667,0.5
332,0.5
1577,0.5
3368,0.5
5826,0.5
8227,0.5
2044,0.5
5058,0.5
543,0.5
3114,0.5
3584,0.5
3519,0.5
1619,0.5
1407,0.5
5636,0.5
4499,0.5
5109,0.5
4139,0.5
2886,0.5
1184,0.5
5894,0.5
5562,0.5
3128,0.5
7869,0.5
5726,0.5
5939,0.5
2287,0.5
2836,0.5
1377,0.5
3294,0.5
2371,0.5
4768,0.5
3080,0.5
7215,0.5
1502,0.5
4234,0.5
8003,0.5
4026,0.5
6304,0.5
2182,0.5
8194,0.5
5529,0.5
2362,0.5
1260,0.5
5599,0.5
6651,0.5
843,0.5
5378,0.5
5791,0.5
4011,0.5
3036,0.5
985,0.5
2640,0.5
6053,0.5
587,0.5
3083,0.5
2490,0.5
3255,0.5
3243,0.5
7824,0.5
7681,0.5
7721,0.5
5656,0.5
6333,0.5
5070,0.5
5825,0.5
2979,0.5
1474,0.5
3579,0.5
3478,0.5
237,0.5
6476,0.5
856,0.5
4608,0.5
4917,0.5
2533,0.5
6236,0.5
5077,0.5
6513,0.5
2457,0.5
6161,0.5
7711,0.5
5285,0.5
3031,0.5
1452,0.5
373,0.5
7202,0.5
1006,0.5
900,0.5
4896,0.5
7373,0.5
5468,0.5
1896,0.5
4907,0.5
4562,0.5
6178,0.5
2923,0.5
3188,0.5
7374,0.5
7785,0.5
4972,0.5
7590,0.5
680,0.5
7404,0.5
2875,0.5
2621,0.5
1776,0.5
1398,0.5
2324,0.5
405,0.5
6722,0.5
7608,0.5
4541,0.5
2657,0.5
1321,0.5
1637,0.5
1771,0.5
8152,0.5
3636,0.5
4133,0.5
6934,0.5
5487,0.5
3161,0.5
3899,0.5
1149,0.5
3014,0.5
279,0.5
6409,0.5
7595,0.5
2322,0.5
6682,0.5
7848,0.5
7675,0.5
5797,0.5
4298,0.5
2360,0.5
486,0.5
6014,0.5
7339,0.5
628,0.5
4297,0.5
4355,0.5
5128,0.5
5653,0.5
2345,0.5
7037,0.5
4027,0.5
4465,0.5
6101,0.5
6768,0.5
8022,0.5
6263,0.5
7065,0.5
6880,0.5
7553,0.5
1893,0.5
563,0.5
7301,0.5
5827,0.5
3598,0.5
6800,0.5
608,0.5
2217,0.5
3196,0.5
2820,0.5
4079,0.5
3820,0.5
3605,0.5
187,0.5
2718,0.5
7801,0.5
2994,0.5
3143,0.5
641,0.5
4067,0.5
6380,0.5
2725,0.5
6728,0.5
4697,0.5
7056,0.5
1031,0.5
205,0.5
5976,0.5
6974,0.5
6344,0.5
6242,0.5
5348,0.5
4473,0.5
4561,0.5
7991,0.5
3783,0.5
3336,0.5
7858,0.5
6275,0.5
4619,0.5
2382,0.5
3830,0.5
2020,0.5
7040,0.5
3590,0.5
2245,0.5
4717,0.5
4174,0.5
5413,0.5
2433,0.5
2160,0.5
6456,0.5
316,0.5
7425,0.5
1704,0.5
288,0.5
4731,0.5
1591,0.5
3399,0.5
6001,0.5
5790,0.5
7628,0.5
5828,0.5
3419,0.5
7602,0.5
661,0.5
5419,0.5
6736,0.5
6747,0.5
4169,0.5
3198,0.5
3719,0.5
5930,0.5
8187,0.5
6553,0.5
452,0.5
5197,0.5
2988,0.5
6351,0.5
7549,0.5
475,0.5
2121,0.5
744,0.5
8186,0.5
4976,0.5
7634,0.5
593,0.5
3104,0.5
1041,0.5
1756,0.5
4760,0.5
7533,0.5
12,0.5
5365,0.5
4784,0.5
7417,0.5
2342,0.5
8117,0.5
596,0.5
1129,0.5
6273,0.5
3305,0.5
2982,0.5
7609,0.5
5837,0.5
580,0.5
2029,0.5
5778,0.5
8135,0.5
687,0.5
7449,0.5
1556,0.5
4998,0.5
3615,0.5
481,0.5
3174,0.5
4512,0.5
3376,0.5
2712,0.5
2301,0.5
5278,0.5
4428,0.5
6652,0.5
7375,0.5
2729,0.5
1523,0.5
4092,0.5
5322,0.5
282,0.5
3865,0.5
2548,0.5
1420,0.5
7472,0.5
2905,0.5
4324,0.5
3946,0.5
8014,0.5
7087,0.5
6044,0.5
3436,0.5
3075,0.5
1333,0.5
6173,0.5
6914,0.5
5377,0.5
1798,0.5
3474,0.5
531,0.5
3493,0.5
4229,0.5
6498,0.5
8088,0.5
2290,0.5
1500,0.5
7051,0.5
4857,0.5
6421,0.5
3666,0.5
2826,0.5
3216,0.5
3944,0.5
6401,0.5
7861,0.5
6177,0.5
1409,0.5
2693,0.5
1623,0.5
4646,0.5
2528,0.5
4811,0.5
813,0.5
646,0.5
4497,0.5
4186,0.5
7539,0.5
1446,0.5
6480,0.5
7308,0.5
4074,0.5
975,0.5
6398,0.5
4838,0.5
1848,0.5
4830,0.5
3566,0.5
7203,0.5
7481,0.5
1897,0.5
6430,0.5
4456,0.5
3476,0.5
918,0.5
2858,0.5
3442,0.5
7551,0.5
805,0.5
6926,0.5
6416,0.5
3503,0.5
3777,0.5
2473,0.5
5126,0.5
8134,0.5
346,0.5
1052,0.5
4849,0.5
6442,0.5
7689,0.5
2719,0.5
1365,0.5
6235,0.5
3651,0.5
3965,0.5
2204,0.5
2304,0.5
4685,0.5
4505,0.5
289,0.5
6664,0.5
3378,0.5
5228,0.5
1288,0.5
5266,0.5
7580,0.5
3165,0.5
5022,0.5
3607,0.5
7345,0.5
6093,0.5
521,0.5
2591,0.5
3281,0.5
1949,0.5
7219,0.5
6432,0.5
5101,0.5
5088,0.5
4429,0.5
3244,0.5
5263,0.5
32,0.5
6402,0.5
2179,0.5
5176,0.5
4089,0.5
49,0.5
3587,0.5
2868,0.5
454,0.5
5289,0.5
5182,0.5
3665,0.5
7312,0.5
7055,0.5
7126,0.5
3137,0.5
3771,0.5
5371,0.5
1976,0.5
1172,0.5
1668,0.5
5483,0.5
3506,0.5
7389,0.5
3835,0.5
5768,0.5
5313,0.5
1819,0.5
4433,0.5
1880,0.5
4137,0.5
8201,0.5
6881,0.5
5145,0.5
5649,0.5
5030,0.5
7136,0.5
7108,0.5
1545,0.5
6618,0.5
6190,0.5
2106,0.5
5919,0.5
5381,0.5
3679,0.5
3561,0.5
8138,0.5
1759,0.5
2003,0.5
5725,0.5
1786,0.5
7182,0.5
820,0.5
215,0.5
7831,0.5
850,0.5
249,0.5
2080,0.5
1643,0.5
1629,0.5
4180,0.5
7528,0.5
2193,0.5
1845,0.5
815,0.5
2973,0.5
451,0.5
2934,0.5
7518,0.5
4520,0.5
4645,0.5
2022,0.5
3310,0.5
8137,0.5
7323,0.5
946,0.5
5583,0.5
995,0.5
908,0.5
6723,0.5
3237,0.5
3951,0.5
7318,0.5
6602,0.5
1158,0.5
6191,0.5
487,0.5
1584,0.5
8211,0.5
5098,0.5
5980,0.5
29,0.5
190,0.5
7437,0.5
5715,0.5
6849,0.5
4416,0.5
3241,0.5
6163,0.5
6815,0.5
5333,0.5
2776,0.5
6016,0.5
8100,0.5
2653,0.5
3882,0.5
4087,0.5
3309,0.5
3855,0.5
3695,0.5
7863,0.5
5781,0.5
932,0.5
2593,0.5
2884,0.5
7751,0.5
6032,0.5
5719,0.5
5395,0.5
2689,0.5
4223,0.5
6844,0.5
6362,0.5
6823,0.5
1688,0.5
4610,0.5
5748,0.5
5450,0.5
7109,0.5
3819,0.5
2128,0.5
7349,0.5
6295,0.5
7453,0.5
275,0.5
5831,0.5
5923,0.5
6818,0.5
506,0.5
4975,0.5
5986,0.5
8011,0.5
6626,0.5
1115,0.5
7104,0.5
8035,0.5
4398,0.5
6211,0.5
774,0.5
5209,0.5
1616,0.5
7725,0.5
6007,0.5
2100,0.5
3537,0.5
7365,0.5
5402,0.5
5008,0.5
3931,0.5
3201,0.5
1729,0.5
5867,0.5
1930,0.5
6294,0.5
5092,0.5
3773,0.5
842,0.5
1902,0.5
415,0.5
4980,0.5
4682,0.5
2493,0.5
51,0.5
8163,0.5
1134,0.5
2060,0.5
861,0.5
114,0.5
1037,0.5
6750,0.5
2843,0.5
5178,0.5
1726,0.5
4542,0.5
1918,0.5
3415,0.5
3957,0.5
5902,0.5
4459,0.5
1648,0.5
4327,0.5
3039,0.5
1332,0.5
2148,0.5
512,0.5
1454,0.5
1583,0.5
2443,0.5
5177,0.5
6774,0.5
6580,0.5
3670,0.5
1123,0.5
3187,0.5
1728,0.5
8061,0.5
7199,0.5
7929,0.5
982,0.5
6729,0.5
3781,0.5
3535,0.5
746,0.5
3302,0.5
6232,0.5
5594,0.5
7046,0.5
1589,0.5
1921,0.5
3550,0.5
5148,0.5
552,0.5
4321,0.5
7978,0.5
5664,0.5
2795,0.5
1808,0.5
4913,0.5
3367,0.5
3072,0.5
1484,0.5
1989,0.5
1674,0.5
7363,0.5
2334,0.5
1553,0.5
2333,0.5
6587,0.5
5554,0.5
366,0.5
2197,0.5
3669,0.5
694,0.5
2171,0.5
5881,0.5
5833,0.5
57,0.5
635,0.5
7764,0.5
5239,0.5
7222,0.5
989,0.5
7092,0.5
7788,0.5
61,0.5
4735,0.5
6660,0.5
5732,0.5
1396,0.5
2026,0.5
2086,0.5
2658,0.5
3005,0.5
2955,0.5
6705,0.5
7194,0.5
183,0.5
7834,0.5
7843,0.5
2603,0.5
199,0.5
2944,0.5
1259,0.5
2794,0.5
899,0.5
4199,0.5
7803,0.5
3043,0.5
4824,0.5
3995,0.5
7741,0.5
7521,0.5
3816,0.5
7032,0.5
4926,0.5
5459,0.5
6137,0.5
3892,0.5
7061,0.5
2770,0.5
6076,0.5
6434,0.5
7816,0.5
2515,0.5
2047,0.5
256,0.5
2827,0.5
1958,0.5
3470,0.5
2924,0.5
7286,0.5
78,0.5
5252,0.5
2511,0.5
6374,0.5
3160,0.5
7945,0.5
2483,0.5
7410,0.5
6084,0.5
5641,0.5
3869,0.5
5057,0.5
5787,0.5
5225,0.5
3249,0.5
5284,0.5
4436,0.5
146,0.5
3422,0.5
6118,0.5
5440,0.5
8001,0.5
4854,0.5
5688,0.5
2145,0.5
6609,0.5
6487,0.5
579,0.5
6611,0.5
3567,0.5
7574,0.5
6759,0.5
5559,0.5
1740,0.5
1240,0.5
2779,0.5
582,0.5
7952,0.5
7462,0.5
6070,0.5
3156,0.5
7265,0.5
614,0.5
8067,0.5
1928,0.5
448,0.5
161,0.5
590,0.5
4550,0.5
967,0.5
1355,0.5
954,0.5
1424,0.5
3347,0.5
8107,0.5
2252,0.5
802,0.5
2046,0.5
6428,0.5
5890,0.5
5689,0.5
6567,0.5
414,0.5
1988,0.5
6167,0.5
7789,0.5
7015,0.5
7332,0.5
6202,0.5
7240,0.5
7846,0.5
5361,0.5
2175,0.5
4354,0.5
745,0.5
4414,0.5
5757,0.5
1091,0.5
3275,0.5
6471,0.5
6256,0.5
6276,0.5
5968,0.5
5023,0.5
3359,0.5
79,0.5
7228,0.5
7680,0.5
315,0.5
7552,0.5
6253,0.5
1879,0.5
2390,0.5
1749,0.5
3618,0.5
7906,0.5
1522,0.5
938,0.5
7760,0.5
2633,0.5
2761,0.5
6865,0.5
6698,0.5
5841,0.5
1151,0.5
3111,0.5
1838,0.5
3791,0.5
7266,0.5
2358,0.5
232,0.5
711,0.5
2302,0.5
1586,0.5
3822,0.5
6954,0.5
7440,0.5
4955,0.5
7799,0.5
623,0.5
2928,0.5
1434,0.5
6406,0.5
5327,0.5
2688,0.5
4479,0.5
2058,0.5
3398,0.5
254,0.5
5945,0.5
6321,0.5
4410,0.5
225,0.5
1841,0.5
7575,0.5
1141,0.5
5164,0.5
112,0.5
684,0.5
5431,0.5
5103,0.5
5586,0.5
1432,0.5
7807,0.5
4806,0.5
1592,0.5
7454,0.5
2960,0.5
6437,0.5
4690,0.5
98,0.5
7527,0.5
6280,0.5
7044,0.5
6043,0.5
3862,0.5
5687,0.5
3030,0.5
5140,0.5
2518,0.5
3189,0.5
4105,0.5
6154,0.5
6754,0.5
213,0.5
1730,0.5
7099,0.5
4988,0.5
3175,0.5
3591,0.5
2624,0.5
6876,0.5
4315,0.5
616,0.5
4851,0.5
2041,0.5
1000,0.5
3826,0.5
8036,0.5
6036,0.5
6875,0.5
6431,0.5
6381,0.5
7523,0.5
2998,0.5
2680,0.5
3611,0.5
2300,0.5
5437,0.5
4728,0.5
1955,0.5
5304,0.5
4048,0.5
2686,0.5
4276,0.5
6590,0.5
5335,0.5
7175,0.5
704,0.5
2682,0.5
1535,0.5
6882,0.5
13,0.5
6965,0.5
5931,0.5
882,0.5
6354,0.5
4159,0.5
6804,0.5
344,0.5
7290,0.5
6716,0.5
7693,0.5
5937,0.5
1830,0.5
1552,0.5
1374,0.5
7546,0.5
7777,0.5
6766,0.5
2429,0.5
8172,0.5
46,0.5
7977,0.5
4920,0.5
5219,0.5
4108,0.5
5940,0.5
387,0.5
2557,0.5
1045,0.5
5269,0.5
2584,0.5
4150,0.5
5221,0.5
6556,0.5
8124,0.5
67,0.5
6062,0.5
5691,0.5
3180,0.5
5856,0.5
7919,0.5
2261,0.5
3026,0.5
7085,0.5
3176,0.5
6526,0.5
1101,0.5
6201,0.5
2279,0.5
3511,0.5
4406,0.5
5883,0.5
1467,0.5
1435,0.5
3501,0.5
964,0.5
1217,0.5
2010,0.5
817,0.5
1026,0.5
5161,0.5
3485,0.5
705,0.5
638,0.5
1193,0.5
3978,0.5
3772,0.5
31,0.5
6197,0.5
2084,0.5
7934,0.5
8075,0.5
1343,0.5
2773,0.5
2110,0.5
2807,0.5
5929,0.5
683,0.5
6019,0.5
3425,0.5
3182,0.5
2954,0.5
5816,0.5
1303,0.5
7517,0.5
4622,0.5
158,0.5
2229,0.5
4390,0.5
3818,0.5
6231,0.5
169,0.5
4160,0.5
4983,0.5
6365,0.5
1476,0.5
5848,0.5
467,0.5
1404,0.5
1713,0.5
7571,0.5
8052,0.5
3765,0.5
5853,0.5
55,0.5
4778,0.5
4944,0.5
5308,0.5
7559,0.5
3395,0.5
2436,0.5
6895,0.5
4443,0.5
6447,0.5
165,0.5
5163,0.5
6269,0.5
5991,0.5
8013,0.5
6369,0.5
4873,0.5
7974,0.5
4475,0.5
1782,0.5
7874,0.5
6755,0.5
3809,0.5
935,0.5
1347,0.5
1270,0.5
1516,0.5
457,0.5
5499,0.5
5053,0.5
1088,0.5
219,0.5
4957,0.5
1697,0.5
4029,0.5
3640,0.5
3471,0.5
5607,0.5
6837,0.5
3571,0.5
5076,0.5
7019,0.5
6667,0.5
4202,0.5
2330,0.5
1685,0.5
4407,0.5
5911,0.5
4531,0.5
2488,0.5
1860,0.5
8078,0.5
6733,0.5
7298,0.5
1734,0.5
1597,0.5
1785,0.5
3155,0.5
6003,0.5
488,0.5
706,0.5
4522,0.5
7652,0.5
1410,0.5
439,0.5
4708,0.5
2592,0.5
625,0.5
671,0.5
1720,0.5
5620,0.5
7947,0.5
5007,0.5
5439,0.5
1095,0.5
117,0.5
7555,0.5
7433,0.5
6676,0.5
2822,0.5
6002,0.5
4248,0.5
1130,0.5
5015,0.5
1882,0.5
5713,0.5
7747,0.5
4484,0.5
3845,0.5
3630,0.5
1671,0.5
1910,0.5
2652,0.5
2550,0.5
71,0.5
3628,0.5
7509,0.5
6172,0.5
3738,0.5
5941,0.5
6493,0.5
3945,0.5
5448,0.5
2661,0.5
5714,0.5
7762,0.5
218,0.5
651,0.5
5039,0.5
5674,0.5
4412,0.5
6812,0.5
818,0.5
6797,0.5
2187,0.5
4296,0.5
3705,0.5
8189,0.5
6976,0.5
1521,0.5
4663,0.5
5249,0.5
4781,0.5
955,0.5
6710,0.5
1718,0.5
6678,0.5
3761,0.5
4703,0.5
865,0.5
1278,0.5
3764,0.5
4827,0.5
5250,0.5
2144,0.5
5835,0.5
2931,0.5
470,0.5
6429,0.5
6748,0.5
2756,0.5
103,0.5
163,0.5
4022,0.5
4991,0.5
1751,0.5
3495,0.5
6689,0.5
3976,0.5
6637,0.5
6075,0.5
7174,0.5
5391,0.5
6670,0.5
5184,0.5
2665,0.5
8007,0.5
667,0.5
4718,0.5
4573,0.5
1056,0.5
599,0.5
3905,0.5
3494,0.5
6751,0.5
6963,0.5
3641,0.5
2134,0.5
3675,0.5
5290,0.5
2630,0.5
566,0.5
3589,0.5
4672,0.5
4637,0.5
4962,0.5
6822,0.5
7690,0.5
2535,0.5
7579,0.5
1093,0.5
6508,0.5
1515,0.5
223,0.5
6208,0.5
5600,0.5
1399,0.5
6644,0.5
756,0.5
6612,0.5
6313,0.5
1602,0.5
2139,0.5
6905,0.5
5997,0.5
5720,0.5
7538,0.5
4275,0.5
4106,0.5
1112,0.5
1855,0.5
898,0.5
6591,0.5
5241,0.5
6407,0.5
1086,0.5
217,0.5
6922,0.5
714,0.5
4208,0.5
5545,0.5
3520,0.5
5432,0.5
604,0.5
2226,0.5
2571,0.5
4769,0.5
3122,0.5
1489,0.5
3896,0.5
5384,0.5
326,0.5
7984,0.5
3500,0.5
391,0.5
8054,0.5
1536,0.5
3920,0.5
7277,0.5
424,0.5
3793,0.5
301,0.5
5409,0.5
6489,0.5
65,0.5
4790,0.5
3393,0.5
1397,0.5
795,0.5
2223,0.5
5645,0.5
927,0.5
102,0.5
5208,0.5
1018,0.5
4532,0.5
1635,0.5
6377,0.5
5772,0.5
3056,0.5
1509,0.5
2001,0.5
7013,0.5
4197,0.5
5179,0.5
3919,0.5
468,0.5
3850,0.5
3483,0.5
1294,0.5
5110,0.5
615,0.5
6595,0.5
3926,0.5
3450,0.5
2582,0.5
8016,0.5
278,0.5
5823,0.5
3417,0.5
7317,0.5
4973,0.5
5855,0.5
1180,0.5
4116,0.5
2913,0.5
3203,0.5
797,0.5
952,0.5
4969,0.5
5904,0.5
5815,0.5
7796,0.5
6786,0.5
7314,0.5
5493,0.5
2844,0.5
458,0.5
1537,0.5
1938,0.5
5962,0.5
7994,0.5
2879,0.5
68,0.5
7158,0.5
40,0.5
5234,0.5
772,0.5
4430,0.5
5019,0.5
1427,0.5
3296,0.5
6051,0.5
203,0.5
2601,0.5
3116,0.5
4694,0.5
4554,0.5
1781,0.5
7591,0.5
5463,0.5
1477,0.5
1110,0.5
2772,0.5
1829,0.5
2706,0.5
7682,0.5
3789,0.5
1337,0.5
3130,0.5
5729,0.5
6156,0.5
358,0.5
721,0.5
1914,0.5
5785,0.5
3300,0.5
2002,0.5
6746,0.5
3098,0.5
1459,0.5
4586,0.5
1418,0.5
4579,0.5
5745,0.5
4956,0.5
1302,0.5
2702,0.5
4316,0.5
3117,0.5
7896,0.5
2075,0.5
5927,0.5
2242,0.5
1154,0.5
3533,0.5
6311,0.5
4001,0.5
5415,0.5
4286,0.5
8064,0.5
6151,0.5
7830,0.5
2190,0.5
5131,0.5
7008,0.5
6249,0.5
5836,0.5
1980,0.5
6532,0.5
4814,0.5
7195,0.5
1358,0.5
2798,0.5
1353,0.5
2598,0.5
6483,0.5
6464,0.5
4424,0.5
7735,0.5
5575,0.5
6494,0.5
3575,0.5
2566,0.5
893,0.5
7531,0.5
4458,0.5
5663,0.5
6205,0.5
1307,0.5
6785,0.5
6503,0.5
2185,0.5
2034,0.5
3911,0.5
7987,0.5
6684,0.5
5010,0.5
5532,0.5
4966,0.5
2363,0.5
7617,0.5
3025,0.5
2484,0.5
8171,0.5
1835,0.5
977,0.5
4539,0.5
2610,0.5
6635,0.5
109,0.5
1167,0.5
6317,0.5
1280,0.5
6593,0.5
4346,0.5
6921,0.5
1371,0.5
4620,0.5
2180,0.5
5910,0.5
3956,0.5
7960,0.5
5319,0.5
6565,0.5
1736,0.5
491,0.5
420,0.5
1700,0.5
4583,0.5
1677,0.5
692,0.5
1805,0.5
3303,0.5
2446,0.5
3981,0.5
6691,0.5
7082,0.5
5085,0.5
1236,0.5
5276,0.5
1257,0.5
7885,0.5
7368,0.5
7819,0.5
2125,0.5
2574,0.5
5134,0.5
461,0.5
5268,0.5
828,0.5
5368,0.5
5750,0.5
7988,0.5
1442,0.5
3654,0.5
7883,0.5
3351,0.5
17,0.5
3564,0.5
3262,0.5
5942,0.5
7818,0.5
557,0.5
4934,0.5
2604,0.5
2512,0.5
6700,0.5
4788,0.5
5462,0.5
5387,0.5
6352,0.5
3337,0.5
1790,0.5
5658,0.5
754,0.5
5047,0.5
6908,0.5
7699,0.5
1023,0.5
6564,0.5
7673,0.5
3960,0.5
4563,0.5
5977,0.5
7165,0.5
4352,0.5
7683,0.5
1807,0.5
312,0.5
2278,0.5
4138,0.5
3780,0.5
7709,0.5
3315,0.5
7597,0.5
5373,0.5
4549,0.5
5048,0.5
1664,0.5
8038,0.5
116,0.5
443,0.5
7967,0.5
1079,0.5
4195,0.5
8018,0.5
4939,0.5
5549,0.5
7851,0.5
5598,0.5
4659,0.5
5974,0.5
8057,0.5
3739,0.5
618,0.5
1258,0.5
5955,0.5
1505,0.5
2154,0.5
5478,0.5
7540,0.5
7936,0.5
702,0.5
3547,0.5
2404,0.5
7154,0.5
7391,0.5
3205,0.5
3004,0.5
1618,0.5
3106,0.5
849,0.5
700,0.5
2004,0.5
6892,0.5
5694,0.5
335,0.5
3710,0.5
8202,0.5
1299,0.5
1301,0.5
3967,0.5
4689,0.5
1639,0.5
3538,0.5
1061,0.5
793,0.5
5311,0.5
389,0.5
164,0.5
3103,0.5
5891,0.5
3916,0.5
5541,0.5
1078,0.5
4189,0.5
816,0.5
2178,0.5
7646,0.5
5038,0.5
6703,0.5
2018,0.5
2707,0.5
3002,0.5
6060,0.5
7730,0.5
8005,0.5
5356,0.5
5640,0.5
30,0.5
3454,0.5
6452,0.5
2232,0.5
4173,0.5
4122,0.5
7570,0.5
4706,0.5
3234,0.5
5606,0.5
3293,0.5
735,0.5
2723,0.5
2864,0.5
4545,0.5
4994,0.5
4997,0.5
446,0.5
6348,0.5
2881,0.5
3784,0.5
5590,0.5
5159,0.5
6791,0.5
3001,0.5
4222,0.5
3513,0.5
6509,0.5
4575,0.5
4082,0.5
607,0.5
3692,0.5
1996,0.5
6288,0.5
283,0.5
2547,0.5
2233,0.5
3876,0.5
4807,0.5
119,0.5
5442,0.5
7088,0.5
991,0.5
7017,0.5
2253,0.5
723,0.5
5988,0.5
5028,0.5
5,0.5
5187,0.5
7504,0.5
1069,0.5
3087,0.5
3441,0.5
4371,0.5
7137,0.5
8212,0.5
2415,0.5
2353,0.5
3360,0.5
3210,0.5
3508,0.5
8147,0.5
6920,0.5
3527,0.5
2077,0.5
532,0.5
6427,0.5
4845,0.5
3902,0.5
6217,0.5
4481,0.5
5863,0.5
719,0.5
3726,0.5
1354,0.5
2519,0.5
8226,0.5
1628,0.5
789,0.5
5912,0.5
7881,0.5
7648,0.5
944,0.5
7397,0.5
971,0.5
5346,0.5
7353,0.5
875,0.5
3139,0.5
2755,0.5
7510,0.5
7487,0.5
2208,0.5
3269,0.5
115,0.5
2059,0.5
4282,0.5
5555,0.5
7297,0.5
1200,0.5
8104,0.5
7980,0.5
5479,0.5
2239,0.5
1825,0.5
1253,0.5
7094,0.5
1168,0.5
6992,0.5
194,0.5
3880,0.5
3224,0.5
3939,0.5
7485,0.5
1820,0.5
6966,0.5
853,0.5
7471,0.5
920,0.5
3453,0.5
1866,0.5
6209,0.5
3970,0.5
6592,0.5
6125,0.5
1478,0.5
3144,0.5
1238,0.5
149,0.5
5310,0.5
6749,0.5
550,0.5
4115,0.5
3341,0.5
5407,0.5
1227,0.5
4345,0.5
1579,0.5
5744,0.5
3509,0.5
1689,0.5
4235,0.5
950,0.5
5832,0.5
6350,0.5
4162,0.5
5433,0.5
1823,0.5
338,0.5
2664,0.5
4480,0.5
5237,0.5
20,0.5
956,0.5
7568,0.5
589,0.5
7798,0.5
3894,0.5
7083,0.5
7362,0.5
8141,0.5
5872,0.5
3560,0.5
7786,0.5
4615,0.5
7124,0.5
2116,0.5
4470,0.5
1962,0.5
1249,0.5
7360,0.5
3190,0.5
1913,0.5
6819,0.5
6466,0.5
2354,0.5
5814,0.5
6636,0.5
3443,0.5
7295,0.5
4382,0.5
560,0.5
5369,0.5
7320,0.5
7144,0.5
3291,0.5
5569,0.5
6142,0.5
761,0.5
485,0.5
6738,0.5
2968,0.5
5859,0.5
7479,0.5
5242,0.5
4671,0.5
7849,0.5
5627,0.5
151,0.5
889,0.5
2162,0.5
5114,0.5
4900,0.5
5471,0.5
5728,0.5
1937,0.5
6238,0.5
2166,0.5
6145,0.5
5511,0.5
4536,0.5
367,0.5
6291,0.5
3631,0.5
5293,0.5
5631,0.5
5767,0.5
3,0.5
3991,0.5
4245,0.5
5495,0.5
2234,0.5
1054,0.5
6270,0.5
4339,0.5
3168,0.5
179,0.5
8,0.5
7447,0.5
7327,0.5
4657,0.5
3569,0.5
157,0.5
7436,0.5
4570,0.5
7732,0.5
5703,0.5
6117,0.5
3556,0.5
2771,0.5
7561,0.5
1224,0.5
4264,0.5
403,0.5
7356,0.5
2983,0.5
4902,0.5
5392,0.5
406,0.5
2385,0.5
6539,0.5
5727,0.5
5279,0.5
5347,0.5
2419,0.5
2573,0.5
4147,0.5
5004,0.5
1863,0.5
5630,0.5
5752,0.5
2285,0.5
492,0.5
3021,0.5
5060,0.5
4895,0.5
979,0.5
3698,0.5
3888,0.5
140,0.5
3958,0.5
2910,0.5
8006,0.5
2506,0.5
2715,0.5
6012,0.5
7963,0.5
3387,0.5
734,0.5
3412,0.5
2236,0.5
1118,0.5
2733,0.5
7656,0.5
6937,0.5
2546,0.5
7225,0.5
4114,0.5
7114,0.5
821,0.5
3903,0.5
1077,0.5
852,0.5
2070,0.5
4489,0.5
958,0.5
2375,0.5
324,0.5
4166,0.5
4257,0.5
7384,0.5
323,0.5
8129,0.5
5943,0.5
7691,0.5
6857,0.5
142,0.5
6714,0.5
4660,0.5
3798,0.5
8118,0.5
6939,0.5
3088,0.5
6866,0.5
2467,0.5
8215,0.5
7355,0.5
1470,0.5
3572,0.5
7273,0.5
3118,0.5
3282,0.5
6184,0.5
2475,0.5
4478,0.5
1993,0.5
6174,0.5
7563,0.5
2409,0.5
7411,0.5
88,0.5
4205,0.5
4569,0.5
5524,0.5
2670,0.5
4943,0.5
7134,0.5
5474,0.5
4455,0.5
349,0.5
4439,0.5
5633,0.5
3307,0.5
3388,0.5
7448,0.5
6046,0.5
8192,0.5
2859,0.5
1007,0.5
7287,0.5
2526,0.5
3555,0.5
7302,0.5
4492,0.5
2167,0.5
2315,0.5
125,0.5
3050,0.5
4341,0.5
2023,0.5
7712,0.5
5050,0.5
2892,0.5
1138,0.5
632,0.5
7450,0.5
2760,0.5
7093,0.5
3742,0.5
5746,0.5
7321,0.5
2479,0.5
6148,0.5
3475,0.5
5722,0.5
248,0.5
7086,0.5
4882,0.5
3814,0.5
5345,0.5
6115,0.5
7706,0.5
5801,0.5
5995,0.5
1361,0.5
1952,0.5
4155,0.5
3199,0.5
5601,0.5
3518,0.5
4652,0.5
3447,0.5
5185,0.5
7520,0.5
555,0.5
7408,0.5
3909,0.5
4358,0.5
3019,0.5
6809,0.5
6907,0.5
3724,0.5
4777,0.5
6540,0.5
2007,0.5
3113,0.5
4859,0.5
5716,0.5
844,0.5
4323,0.5
2752,0.5
7201,0.5
7882,0.5
7737,0.5
8184,0.5
6681,0.5
3689,0.5
2962,0.5
4828,0.5
3267,0.5
5857,0.5
5895,0.5
3744,0.5
7480,0.5
3952,0.5
7598,0.5
328,0.5
133,0.5
7924,0.5
7018,0.5
3467,0.5
3382,0.5
1048,0.5
984,0.5
1262,0.5
5539,0.5
2124,0.5
5465,0.5
7839,0.5
3256,0.5
1666,0.5
6005,0.5
631,0.5
2359,0.5
6656,0.5
2348,0.5
3877,0.5
6760,0.5
2980,0.5
274,0.5
4548,0.5
5488,0.5
5061,0.5
1595,0.5
6255,0.5
5286,0.5
263,0.5
4995,0.5
876,0.5
7416,0.5
6025,0.5
2793,0.5
7304,0.5
4829,0.5
7036,0.5
6911,0.5
6983,0.5
807,0.5
308,0.5
6077,0.5
4462,0.5
2199,0.5
6357,0.5
1462,0.5
3753,0.5
2616,0.5
7791,0.5
1104,0.5
4209,0.5
3702,0.5
5156,0.5
1711,0.5
541,0.5
5996,0.5
2349,0.5
5739,0.5
5175,0.5
1811,0.5
3834,0.5
2572,0.5
1433,0.5
7707,0.5
3055,0.5
3061,0.5
5224,0.5
5582,0.5
1426,0.5
540,0.5
6069,0.5
770,0.5
1775,0.5
5906,0.5
2085,0.5
523,0.5
7229,0.5
3875,0.5
6462,0.5
4501,0.5
4533,0.5
241,0.5
2876,0.5
1323,0.5
6743,0.5
1281,0.5
3490,0.5
5522,0.5
6054,0.5
1058,0.5
6162,0.5
1856,0.5
5280,0.5
189,0.5
2856,0.5
6928,0.5
5916,0.5
1464,0.5
2372,0.5
6303,0.5
1192,0.5
7063,0.5
89,0.5
1218,0.5
3053,0.5
3034,0.5
5097,0.5
1532,0.5
5400,0.5
8111,0.5
3686,0.5
3040,0.5
7502,0.5
7705,0.5
4006,0.5
8234,0.5
4185,0.5
1991,0.5
1297,0.5
718,0.5
7347,0.5
2191,0.5
66,0.5
4306,0.5
264,0.5
1102,0.5
6903,0.5
7276,0.5
6008,0.5
4146,0.5
1328,0.5
4821,0.5
5352,0.5
2364,0.5
2206,0.5
7811,0.5
7382,0.5
674,0.5
8177,0.5
6139,0.5
6497,0.5
4269,0.5
1487,0.5
5498,0.5
7899,0.5
2462,0.5
5638,0.5
6825,0.5
3624,0.5
6138,0.5
7392,0.5
1652,0.5
4618,0.5
864,0.5
3015,0.5
4466,0.5
2355,0.5
4009,0.5
2221,0.5
2231,0.5
1408,0.5
5683,0.5
307,0.5
2396,0.5
3298,0.5
3672,0.5
803,0.5
3542,0.5
2113,0.5
3363,0.5
1792,0.5
8114,0.5
5839,0.5
5617,0.5
4909,0.5
1482,0.5
4727,0.5
8199,0.5
1097,0.5
6620,0.5
5899,0.5
3682,0.5
2851,0.5
3521,0.5
6310,0.5
1576,0.5
4232,0.5
2814,0.5
3496,0.5
504,0.5
7914,0.5
2561,0.5
6645,0.5
6839,0.5
7027,0.5
8217,0.5
7672,0.5
2109,0.5
1212,0.5
1053,0.5
5129,0.5
4874,0.5
6340,0.5
7052,0.5
602,0.5
1241,0.5
1899,0.5
5492,0.5
7719,0.5
3045,0.5
2703,0.5
3458,0.5
6185,0.5
3637,0.5
6757,0.5
8037,0.5
4634,0.5
3782,0.5
637,0.5
7875,0.5
2646,0.5
598,0.5
5379,0.5
1131,0.5
7283,0.5
518,0.5
1254,0.5
7076,0.5
72,0.5
6324,0.5
6843,0.5
727,0.5
3775,0.5
1165,0.5
2441,0.5
7409,0.5
7508,0.5
1492,0.5
572,0.5
7041,0.5
903,0.5
4922,0.5
4764,0.5
7250,0.5
999,0.5
2146,0.5
3247,0.5
6589,0.5
6318,0.5
1987,0.5
4278,0.5
92,0.5
4725,0.5
160,0.5
8126,0.5
7982,0.5
3804,0.5
6952,0.5
6518,0.5
6622,0.5
3851,0.5
5026,0.5
4993,0.5
7780,0.5
3414,0.5
36,0.5
2464,0.5
8085,0.5
1148,0.5
5355,0.5
2318,0.5
6119,0.5
3718,0.5
6724,0.5
472,0.5
808,0.5
2854,0.5
5858,0.5
6502,0.5
6234,0.5
7223,0.5
6083,0.5
5903,0.5
1542,0.5
6824,0.5
668,0.5
1760,0.5
258,0.5
5932,0.5
2615,0.5
2319,0.5
4897,0.5
4502,0.5
3626,0.5
7467,0.5
2411,0.5
5360,0.5
233,0.5
1999,0.5
7214,0.5
5652,0.5
1655,0.5
280,0.5
167,0.5
1769,0.5
1415,0.5
2607,0.5
8051,0.5
1183,0.5
4721,0.5
166,0.5
3634,0.5
6367,0.5
2142,0.5
7643,0.5
3707,0.5
4088,0.5
4030,0.5
1647,0.5
3428,0.5
1135,0.5
2497,0.5
2437,0.5
5359,0.5
1789,0.5
6113,0.5
1494,0.5
7778,0.5
4192,0.5
2207,0.5
4301,0.5
4916,0.5
1291,0.5
7619,0.5
4018,0.5
6143,0.5
4878,0.5
7905,0.5
4914,0.5
8027,0.5
33,0.5
285,0.5
6349,0.5
277,0.5
583,0.5
1063,0.5
6887,0.5
7754,0.5
1304,0.5
3661,0.5
913,0.5
3716,0.5
2898,0.5
440,0.5
1679,0.5
4043,0.5
3987,0.5
3837,0.5
544,0.5
3964,0.5
4178,0.5
3745,0.5
7107,0.5
923,0.5
7296,0.5
6980,0.5
3825,0.5
6534,0.5
7601,0.5
2459,0.5
7588,0.5
5461,0.5
2015,0.5
4889,0.5
4517,0.5
656,0.5
6127,0.5
538,0.5
1762,0.5
6335,0.5
5157,0.5
7763,0.5
4046,0.5
4801,0.5
5116,0.5
1132,0.5
2906,0.5
4435,0.5
5283,0.5
743,0.5
473,0.5
7662,0.5
3604,0.5
1344,0.5
1039,0.5
281,0.5
6258,0.5
1186,0.5
3463,0.5
799,0.5
3089,0.5
4679,0.5
4421,0.5
787,0.5
3136,0.5
522,0.5
4968,0.5
1268,0.5
3528,0.5
5167,0.5
5403,0.5
6120,0.5
3947,0.5
866,0.5
4551,0.5
8070,0.5
6560,0.5
2713,0.5
3574,0.5
1608,0.5
2560,0.5
306,0.5
3510,0.5
1885,0.5
3873,0.5
1746,0.5
7604,0.5
266,0.5
5865,0.5
3646,0.5
1443,0.5
6168,0.5
4978,0.5
8144,0.5
3125,0.5
5421,0.5
5155,0.5
2711,0.5
1173,0.5
7400,0.5
8206,0.5
5342,0.5
350,0.5
1995,0.5
2447,0.5
7043,0.5
34,0.5
3344,0.5
5924,0.5
2919,0.5
1296,0.5
1349,0.5
915,0.5
7503,0.5
2575,0.5
4741,0.5
3551,0.5
1678,0.5
6215,0.5
1458,0.5
2352,0.5
4225,0.5
3266,0.5
1640,0.5
1832,0.5
8145,0.5
1959,0.5
4468,0.5
7928,0.5
2039,0.5
6999,0.5
5753,0.5
3928,0.5
4403,0.5
7074,0.5
7344,0.5
3969,0.5
5271,0.5
7133,0.5
7998,0.5
507,0.5
6302,0.5
3129,0.5
38,0.5
7943,0.5
4183,0.5
4775,0.5
5950,0.5
2341,0.5
7325,0.5
1525,0.5
1755,0.5
416,0.5
3581,0.5
5062,0.5
994,0.5
6515,0.5
3091,0.5
2159,0.5
3633,0.5
4056,0.5
7694,0.5
8229,0.5
4614,0.5
7405,0.5
5443,0.5
5066,0.5
4673,0.5
456,0.5
4320,0.5
5143,0.5
2021,0.5
3529,0.5
7864,0.5
6779,0.5
376,0.5
3020,0.5
1034,0.5
8173,0.5
3562,0.5
7887,0.5
7500,0.5
2735,0.5
1506,0.5
1997,0.5
6383,0.5
2724,0.5
7576,0.5
3817,0.5
4457,0.5
7847,0.5
4167,0.5
2186,0.5
3595,0.5
6870,0.5
1351,0.5
5420,0.5
976,0.5
7128,0.5
2542,0.5
6360,0.5
1519,0.5
4670,0.5
1485,0.5
561,0.5
3649,0.5
8048,0.5
8098,0.5
6287,0.5
7183,0.5
7156,0.5
1739,0.5
7468,0.5
2434,0.5
3895,0.5
6298,0.5
6925,0.5
1693,0.5
4847,0.5
6830,0.5
7769,0.5
4722,0.5
5603,0.5
243,0.5
2120,0.5
4008,0.5
6188,0.5
2941,0.5
5578,0.5
5054,0.5
144,0.5
5494,0.5
5229,0.5
7239,0.5
5211,0.5
8090,0.5
1690,0.5
7727,0.5
236,0.5
3714,0.5
4322,0.5
1316,0.5
271,0.5
8164,0.5
5376,0.5
2971,0.5
4910,0.5
5909,0.5
181,0.5
1425,0.5
3094,0.5
4215,0.5
292,0.5
3881,0.5
4203,0.5
2061,0.5
3534,0.5
4432,0.5
1081,0.5
5760,0.5
3962,0.5
5248,0.5
730,0.5
3925,0.5
1072,0.5
6554,0.5
5251,0.5
4964,0.5
3215,0.5
2618,0.5
779,0.5
6040,0.5
877,0.5
1607,0.5
1228,0.5
3893,0.5
7606,0.5
5350,0.5
3078,0.5
359,0.5
255,0.5
6375,0.5
6894,0.5
7584,0.5
7072,0.5
3066,0.5
2622,0.5
3406,0.5
710,0.5
4921,0.5
6157,0.5
2812,0.5
185,0.5
4340,0.5
5994,0.5
3479,0.5
7613,0.5
6216,0.5
1025,0.5
7272,0.5
3558,0.5
8069,0.5
5796,0.5
8123,0.5
7073,0.5
6422,0.5
4523,0.5
4045,0.5
1803,0.5
8188,0.5
1393,0.5
6806,0.5
6316,0.5
1645,0.5
8127,0.5
4318,0.5
422,0.5
3858,0.5
2554,0.5
7431,0.5
2196,0.5
7476,0.5
1378,0.5
2787,0.5
193,0.5
5564,0.5
7990,0.5
4490,0.5
895,0.5
7768,0.5
7383,0.5
2811,0.5
1230,0.5
4938,0.5
5998,0.5
4509,0.5
2692,0.5
2803,0.5
4065,0.5
1311,0.5
7964,0.5
5736,0.5
2734,0.5
4251,0.5
5712,0.5
5288,0.5
764,0.5
8093,0.5
2327,0.5
6719,0.5
2555,0.5
1684,0.5
3988,0.5
6030,0.5
3127,0.5
6176,0.5
4419,0.5
6799,0.5
2005,0.5
5199,0.5
5397,0.5
1706,0.5
6962,0.5
2551,0.5
5213,0.5
7354,0.5
6762,0.5
2587,0.5
3276,0.5
6563,0.5
5207,0.5
7299,0.5
1598,0.5
427,0.5
5272,0.5
5615,0.5
2984,0.5
2762,0.5
5897,0.5
4837,0.5
7095,0.5
2825,0.5
53,0.5
2741,0.5
4506,0.5
7639,0.5
6957,0.5
5096,0.5
715,0.5
64,0.5
174,0.5
2460,0.5
8150,0.5
260,0.5
3853,0.5
3548,0.5
3720,0.5
5963,0.5
35,0.5
3455,0.5
3424,0.5
8113,0.5
988,0.5
1994,0.5
8042,0.5
1142,0.5
6969,0.5
6449,0.5
6055,0.5
2224,0.5
5055,0.5
1922,0.5
3709,0.5
5485,0.5
3863,0.5
1075,0.5
972,0.5
1565,0.5
2763,0.5
3732,0.5
7412,0.5
4836,0.5
5936,0.5
4391,0.5
2585,0.5
751,0.5
1650,0.5
1317,0.5
6864,0.5
276,0.5
2510,0.5
698,0.5
8086,0.5
1066,0.5
2305,0.5
106,0.5
6486,0.5
1869,0.5
3975,0.5
6927,0.5
2810,0.5
6765,0.5
5756,0.5
382,0.5
872,0.5
1277,0.5
7084,0.5
570,0.5
6542,0.5
4678,0.5
4336,0.5
4935,0.5
2635,0.5
6022,0.5
2378,0.5
6638,0.5
356,0.5
4375,0.5
5323,0.5
6147,0.5
5337,0.5
1687,0.5
826,0.5
6835,0.5
5793,0.5
2442,0.5
8060,0.5
6078,0.5
4395,0.5
2950,0.5
3601,0.5
4535,0.5
371,0.5
2801,0.5
6924,0.5
1126,0.5
649,0.5
4131,0.5
1520,0.5
4157,0.5
447,0.5
8209,0.5
4940,0.5
6657,0.5
3843,0.5
4641,0.5
2669,0.5
910,0.5
4890,0.5
4161,0.5
154,0.5
3779,0.5
4326,0.5
4621,0.5
1352,0.5
1177,0.5
851,0.5
5024,0.5
3251,0.5
2830,0.5
123,0.5
8190,0.5
2784,0.5
2273,0.5
4469,0.5
4840,0.5
712,0.5
8081,0.5
3803,0.5
2326,0.5
2407,0.5
655,0.5
4310,0.5
2731,0.5
250,0.5
2863,0.5
3866,0.5
4085,0.5
6946,0.5
5405,0.5
6500,0.5
5693,0.5
5696,0.5
556,0.5
2498,0.5
716,0.5
407,0.5
5426,0.5
4684,0.5
1654,0.5
2739,0.5
5150,0.5
1796,0.5
178,0.5
1326,0.5
5792,0.5
7148,0.5
8094,0.5
5788,0.5
2369,0.5
2907,0.5
3802,0.5
943,0.5
4211,0.5
2496,0.5
5013,0.5
3264,0.5
428,0.5
6307,0.5
4776,0.5
5354,0.5
7119,0.5
4374,0.5
3856,0.5
6953,0.5
2314,0.5
333,0.5
4476,0.5
6913,0.5
2056,0.5
355,0.5
7845,0.5
3996,0.5
4231,0.5
3438,0.5
6091,0.5
496,0.5
4307,0.5
6233,0.5
2559,0.5
5521,0.5
2839,0.5
6625,0.5
3912,0.5
2976,0.5
413,0.5
2516,0.5
7827,0.5
515,0.5
4765,0.5
7557,0.5
6195,0.5
7359,0.5
7836,0.5
4691,0.5
937,0.5
2057,0.5
6579,0.5
6517,0.5
1574,0.5
3541,0.5
4273,0.5
182,0.5
3220,0.5
2804,0.5
8049,0.5
7833,0.5
6810,0.5
1587,0.5
697,0.5
3133,0.5
919,0.5
3889,0.5
1267,0.5
7004,0.5
3708,0.5
235,0.5
6993,0.5
8091,0.5
5961,0.5
7715,0.5
3370,0.5
1250,0.5
2893,0.5
5579,0.5
5214,0.5
5964,0.5
4330,0.5
1732,0.5
3787,0.5
2654,0.5
2012,0.5
7380,0.5
4249,0.5
4756,0.5
4578,0.5
5755,0.5
4858,0.5
7565,0.5
4961,0.5
7637,0.5
5089,0.5
5947,0.5
5496,0.5
640,0.5
3663,0.5
2915,0.5
534,0.5
3650,0.5
296,0.5
2137,0.5
2945,0.5
7548,0.5
776,0.5
444,0.5
1207,0.5
2920,0.5
4250,0.5
3146,0.5
5071,0.5
4097,0.5
1571,0.5
741,0.5
5470,0.5
4090,0.5
5201,0.5
7782,0.5
7802,0.5
1339,0.5
134,0.5
4420,0.5
3867,0.5
6878,0.5
4041,0.5
27,0.5
5166,0.5
1090,0.5
6649,0.5
6027,0.5
1465,0.5
4054,0.5
5037,0.5
1606,0.5
3657,0.5
5064,0.5
4965,0.5
6906,0.5
7379,0.5
934,0.5
6244,0.5
3808,0.5
2643,0.5
7589,0.5
6721,0.5
7406,0.5
7484,0.5
4494,0.5
5017,0.5
3659,0.5
4797,0.5
7050,0.5
6038,0.5
5172,0.5
2513,0.5
5174,0.5
5226,0.5
7636,0.5
4453,0.5
6630,0.5
1189,0.5
1222,0.5
804,0.5
4665,0.5
2534,0.5
1029,0.5
3754,0.5
8162,0.5
7748,0.5
4440,0.5
5869,0.5
4077,0.5
6346,0.5
885,0.5
7151,0.5
321,0.5
5765,0.5
6659,0.5
7334,0.5
5025,0.5
7761,0.5
5907,0.5
6331,0.5
2890,0.5
2000,0.5
7921,0.5
1653,0.5
5591,0.5
7168,0.5
8063,0.5
6673,0.5
6783,0.5
7623,0.5
6451,0.5
2485,0.5
2418,0.5
8231,0.5
4714,0.5
4984,0.5
7002,0.5
5702,0.5
4151,0.5
7149,0.5
3699,0.5
5675,0.5
286,0.5
2961,0.5
810,0.5
6224,0.5
2899,0.5
69,0.5
1362,0.5
1849,0.5
3655,0.5
1531,0.5
2414,0.5
6376,0.5
375,0.5
644,0.5
6735,0.5
5706,0.5
4686,0.5
5186,0.5
5329,0.5
4124,0.5
6098,0.5
3918,0.5
2054,0.5
6559,0.5
4171,0.5
3141,0.5
6063,0.5
2079,0.5
672,0.5
1308,0.5
7513,0.5
595,0.5
3352,0.5
2758,0.5
5445,0.5
4856,0.5
309,0.5
5572,0.5
7600,0.5
7208,0.5
4099,0.5
8159,0.5
4796,0.5
342,0.5
5547,0.5
4870,0.5
4587,0.5
7511,0.5
8058,0.5
6347,0.5
7512,0.5
3068,0.5
6319,0.5
7840,0.5
2597,0.5
825,0.5
195,0.5
4792,0.5
4035,0.5
6194,0.5
5864,0.5
5983,0.5
3749,0.5
4309,0.5
929,0.5
5195,0.5
6597,0.5
148,0.5
7941,0.5
8034,0.5
1788,0.5
5138,0.5
6146,0.5
7235,0.5
4654,0.5
2656,0.5
5141,0.5
834,0.5
6529,0.5
7578,0.5
2298,0.5
196,0.5
1731,0.5
7876,0.5
5893,0.5
145,0.5
4515,0.5
2284,0.5
5705,0.5
5032,0.5
8222,0.5
4244,0.5
4057,0.5
5668,0.5
7030,0.5
510,0.5
3811,0.5
6491,0.5
3778,0.5
86,0.5
5742,0.5
3109,0.5
4835,0.5
6479,0.5
7177,0.5
3619,0.5
1892,0.5
3162,0.5
7530,0.5
6492,0.5
6499,0.5
3181,0.5
5661,0.5
5738,0.5
501,0.5
1909,0.5
5873,0.5
4012,0.5
4963,0.5
2590,0.5
4737,0.5
1961,0.5
3207,0.5
4204,0.5
1667,0.5
4688,0.5
4937,0.5
775,0.5
3488,0.5
7233,0.5
3074,0.5
2275,0.5
4220,0.5
7857,0.5
2421,0.5
6315,0.5
7278,0.5
5458,0.5
5386,0.5
4904,0.5
2969,0.5
4826,0.5
7985,0.5
6958,0.5
4284,0.5
575,0.5
4110,0.5
5898,0.5
5425,0.5
7316,0.5
6549,0.5
5795,0.5
3807,0.5
7023,0.5
6720,0.5
5472,0.5
2072,0.5
7890,0.5
129,0.5
1292,0.5
6737,0.5
6945,0.5
7445,0.5
4710,0.5
7424,0.5
1064,0.5
7931,0.5
1049,0.5
535,0.5
4024,0.5
272,0.5
2081,0.5
5584,0.5
4233,0.5
2780,0.5
8021,0.5
4611,0.5
3082,0.5
4526,0.5
7776,0.5
5084,0.5
7456,0.5
8169,0.5
2458,0.5
5482,0.5
5775,0.5
1649,0.5
6297,0.5
7110,0.5
957,0.5
677,0.5
4217,0.5
5810,0.5
2332,0.5
4454,0.5
2521,0.5
6944,0.5
18,0.5
3345,0.5
1386,0.5
6097,0.5
3498,0.5
3153,0.5
3402,0.5
5786,0.5
696,0.5
4049,0.5
419,0.5
1338,0.5
6485,0.5
5697,0.5
6648,0.5
4696,0.5
4051,0.5
480,0.5
2465,0.5
6860,0.5
7655,0.5
1103,0.5
1627,0.5
2674,0.5
7912,0.5
3627,0.5
6855,0.5
2605,0.5
4474,0.5
959,0.5
7329,0.5
4846,0.5
1327,0.5
1813,0.5
247,0.5
2937,0.5
4951,0.5
6085,0.5
7841,0.5
2588,0.5
5766,0.5
3405,0.5
5754,0.5
1870,0.5
6343,0.5
2967,0.5
2578,0.5
7255,0.5
4883,0.5
811,0.5
6790,0.5
3530,0.5
6808,0.5
3327,0.5
4822,0.5
2750,0.5
1121,0.5
4949,0.5
4738,0.5
1107,0.5
1255,0.5
5046,0.5
2400,0.5
6450,0.5
3683,0.5
4597,0.5
1055,0.5
5334,0.5
476,0.5
7910,0.5
2965,0.5
5325,0.5
7025,0.5
2613,0.5
6029,0.5
8077,0.5
5385,0.5
558,0.5
2981,0.5
2503,0.5
5383,0.5
1001,0.5
6204,0.5
1724,0.5
5851,0.5
3857,0.5
6394,0.5
4063,0.5
7361,0.5
4754,0.5
1954,0.5
2014,0.5
1157,0.5
2531,0.5
6828,0.5
7163,0.5
5318,0.5
516,0.5
7757,0.5
5194,0.5
2678,0.5
1436,0.5
5542,0.5
6245,0.5
5198,0.5
1312,0.5
5698,0.5
5821,0.5
5124,0.5
5527,0.5
4623,0.5
4842,0.5
1903,0.5
862,0.5
3664,0.5
5520,0.5
3870,0.5
6160,0.5
2567,0.5
2849,0.5
701,0.5
2887,0.5
5596,0.5
2263,0.5
4002,0.5
5466,0.5
3135,0.5
3246,0.5
6341,0.5
7075,0.5
6741,0.5
3222,0.5
7309,0.5
1513,0.5
5918,0.5
6079,0.5
6112,0.5
5979,0.5
5896,0.5
4733,0.5
7676,0.5
6566,0.5
5990,0.5
4014,0.5
7755,0.5
4493,0.5
2138,0.5
2824,0.5
8142,0.5
4058,0.5
1828,0.5
5094,0.5
2439,0.5
6114,0.5
3166,0.5
7173,0.5
1791,0.5
6418,0.5
5080,0.5
911,0.5
7867,0.5
3559,0.5
7651,0.5
2108,0.5
3673,0.5
2256,0.5
2317,0.5
6948,0.5
1073,0.5
3879,0.5
1847,0.5
7884,0.5
1924,0.5
7603,0.5
3320,0.5
4053,0.5
3648,0.5
1133,0.5
7999,0.5
6345,0.5
7179,0.5
1530,0.5
7501,0.5
1977,0.5
1451,0.5
3362,0.5
2035,0.5
2655,0.5
6528,0.5
6248,0.5
3480,0.5
4156,0.5
4593,0.5
6165,0.5
2757,0.5
1815,0.5
3526,0.5
3330,0.5
3306,0.5
4627,0.5
6440,0.5
747,0.5
1247,0.5
5508,0.5
1546,0.5
6561,0.5
1108,0.5
3097,0.5
2250,0.5
5933,0.5
2991,0.5
2746,0.5
4153,0.5
1357,0.5
6080,0.5
230,0.5
2143,0.5
4152,0.5
7722,0.5
2461,0.5
7865,0.5
7666,0.5
3403,0.5
7614,0.5
6763,0.5
6695,0.5
4068,0.5
329,0.5
5530,0.5
4287,0.5
1764,0.5
6909,0.5
6545,0.5
2796,0.5
3331,0.5
6987,0.5
1491,0.5
2911,0.5
5868,0.5
6323,0.5
5417,0.5
6228,0.5
2006,0.5
7860,0.5
7621,0.5
5616,0.5
6650,0.5
4021,0.5
5326,0.5
6994,0.5
4901,0.5
5296,0.5
2067,0.5
7366,0.5
3385,0.5
2053,0.5
1028,0.5
388,0.5
682,0.5
4129,0.5
4236,0.5
2990,0.5
6838,0.5
3696,0.5
4815,0.5
4576,0.5
1797,0.5
2491,0.5
800,0.5
7176,0.5
4013,0.5
6320,0.5
4194,0.5
5604,0.5
4834,0.5
1936,0.5
1480,0.5
3917,0.5
1561,0.5
7106,0.5
881,0.5
6621,0.5
6089,0.5
2833,0.5
4444,0.5
6826,0.5
1082,0.5
4427,0.5
7376,0.5
4163,0.5
1947,0.5
7169,0.5
5063,0.5
1441,0.5
902,0.5
172,0.5
2877,0.5
4513,0.5
84,0.5
5086,0.5
7403,0.5
1501,0.5
210,0.5
1245,0.5
4844,0.5
7556,0.5
6758,0.5
5227,0.5
1282,0.5
3901,0.5
6186,0.5
3829,0.5
3671,0.5
7159,0.5
6655,0.5
3980,0.5
5780,0.5
7950,0.5
3355,0.5
4877,0.5
1511,0.5
1827,0.5
311,0.5
7886,0.5
1601,0.5
6388,0.5
4471,0.5
4353,0.5
5142,0.5
369,0.5
4364,0.5
7459,0.5
2282,0.5
351,0.5
685,0.5
3472,0.5
2978,0.5
6555,0.5
7188,0.5
4034,0.5
2312,0.5
2262,0.5
384,0.5
5820,0.5
5277,0.5
7695,0.5
4418,0.5
5809,0.5
2340,0.5
5256,0.5
3304,0.5
3806,0.5
77,0.5
6772,0.5
773,0.5
2848,0.5
4135,0.5
429,0.5
986,0.5
4442,0.5
722,0.5
6072,0.5
1162,0.5
479,0.5
3961,0.5
2156,0.5
3543,0.5
436,0.5
2815,0.5
2782,0.5
7955,0.5
5481,0.5
1772,0.5
7723,0.5
6699,0.5
905,0.5
7965,0.5
5203,0.5
267,0.5
3593,0.5
2525,0.5
8174,0.5
786,0.5
4521,0.5
1400,0.5
5965,0.5
5552,0.5
6701,0.5
3277,0.5
7773,0.5
5879,0.5
7103,0.5
3108,0.5
6718,0.5
5949,0.5
1283,0.5
7291,0.5
4380,0.5
5302,0.5
5503,0.5
3736,0.5
3536,0.5
8230,0.5
5866,0.5
1695,0.5
3900,0.5
8112,0.5
1057,0.5
4742,0.5
3319,0.5
3968,0.5
2088,0.5
3623,0.5
1153,0.5
1752,0.5
3046,0.5
5406,0.5
2329,0.5
2136,0.5
6852,0.5
859,0.5
2487,0.5
6836,0.5
2277,0.5
5560,0.5
6106,0.5
2391,0.5
2297,0.5
7961,0.5
2416,0.5
7783,0.5
2659,0.5
6329,0.5
3693,0.5
5344,0.5
4774,0.5
3444,0.5
3706,0.5
1890,0.5
7028,0.5
1826,0.5
1624,0.5
4954,0.5
4230,0.5
4025,0.5
7123,0.5
3356,0.5
689,0.5
7102,0.5
5920,0.5
1508,0.5
7097,0.5
334,0.5
5548,0.5
1137,0.5
6623,0.5
940,0.5
87,0.5
7060,0.5
7139,0.5
4158,0.5
2685,0.5
3261,0.5
3324,0.5
766,0.5
4351,0.5
3766,0.5
5773,0.5
5550,0.5
2321,0.5
6445,0.5
2152,0.5
434,0.5
2638,0.5
5875,0.5
5236,0.5
1176,0.5
5112,0.5
8087,0.5
1348,0.5
3977,0.5
3353,0.5
3200,0.5
1376,0.5
3632,0.5
7832,0.5
5749,0.5
3077,0.5
2806,0.5
4369,0.5
1777,0.5
1766,0.5
3570,0.5
4448,0.5
1009,0.5
2482,0.5
2788,0.5
3346,0.5
7873,0.5
5958,0.5
4959,0.5
3085,0.5
4903,0.5
664,0.5
4932,0.5
7907,0.5
303,0.5
1219,0.5
3594,0.5
5734,0.5
1594,0.5
6614,0.5
4467,0.5
7911,0.5
3206,0.5
7784,0.5
7671,0.5
6675,0.5
6643,0.5
6971,0.5
5444,0.5
1919,0.5
7200,0.5
2150,0.5
7594,0.5
4894,0.5
1998,0.5
1144,0.5
7319,0.5
6404,0.5
2690,0.5
469,0.5
5408,0.5
2092,0.5
6189,0.5
3126,0.5
7070,0.5
2068,0.5
2336,0.5
648,0.5
8121,0.5
3274,0.5
1881,0.5
5960,0.5
1336,0.5
2949,0.5
6382,0.5
6858,0.5
3767,0.5
6653,0.5
2977,0.5
6930,0.5
6990,0.5
7624,0.5
2198,0.5
6677,0.5
6446,0.5
1682,0.5
8133,0.5
6477,0.5
998,0.5
4109,0.5
7932,0.5
5944,0.5
5807,0.5
5824,0.5
3265,0.5
6981,0.5
431,0.5
7100,0.5
5193,0.5
6731,0.5
6289,0.5
499,0.5
7665,0.5
1920,0.5
5292,0.5
2732,0.5
5581,0.5
5525,0.5
5102,0.5
3763,0.5
524,0.5
425,0.5
8204,0.5
5957,0.5
6218,0.5
2376,0.5
7455,0.5
7738,0.5
1981,0.5
2623,0.5
3582,0.5
4103,0.5
1889,0.5
4260,0.5
4356,0.5
554,0.5
464,0.5
5686,0.5
5546,0.5
1187,0.5
4394,0.5
2745,0.5
1273,0.5
2602,0.5
5717,0.5
7620,0.5
4259,0.5
7567,0.5
21,0.5
4366,0.5
4552,0.5
8000,0.5
3227,0.5
2748,0.5
5216,0.5
7678,0.5
4713,0.5
6868,0.5
7140,0.5
7395,0.5
5556,0.5
1946,0.5
93,0.5
5074,0.5
7249,0.5
2867,0.5
3993,0.5
2295,0.5
7171,0.5
4246,0.5
1406,0.5
4020,0.5
1375,0.5
8083,0.5
6727,0.5
2266,0.5
2401,0.5
7645,0.5
690,0.5
6009,0.5
6336,0.5
7710,0.5
3140,0.5
2238,0.5
198,0.5
7749,0.5
7427,0.5
6888,0.5
2403,0.5
7817,0.5
362,0.5
3860,0.5
3943,0.5
4095,0.5
7560,0.5
4111,0.5
5065,0.5
4329,0.5
2119,0.5
4446,0.5
1676,0.5
7515,0.5
1858,0.5
7532,0.5
5557,0.5
52,0.5
2065,0.5
3289,0.5
691,0.5
6410,0.5
7216,0.5
6732,0.5
7514,0.5
5871,0.5
319,0.5
8062,0.5
7112,0.5
1402,0.5
7953,0.5
4270,0.5
1405,0.5
675,0.5
6538,0.5
7795,0.5
6967,0.5
131,0.5
4630,0.5
4594,0.5
5009,0.5
5662,0.5
7116,0.5
6475,0.5
1540,0.5
2129,0.5
7464,0.5
7829,0.5
7207,0.5
6250,0.5
3505,0.5
5657,0.5
4556,0.5
5861,0.5
291,0.5
6364,0.5
8099,0.5
838,0.5
5634,0.5
3208,0.5
4263,0.5
3448,0.5
639,0.5
1341,0.5
2337,0.5
2241,0.5
4314,0.5
4417,0.5
4274,0.5
5819,0.5
2045,0.5
5528,0.5
1703,0.5
7003,0.5
6796,0.5
7164,0.5
4817,0.5
363,0.5
2316,0.5
2872,0.5
2722,0.5
76,0.5
1973,0.5
6314,0.5
423,0.5
8167,0.5
3608,0.5
412,0.5
4335,0.5
2645,0.5
4547,0.5
1609,0.5
1504,0.5
1738,0.5
3318,0.5
2721,0.5
4141,0.5
503,0.5
6917,0.5
3544,0.5
3540,0.5
5489,0.5
1449,0.5
398,0.5
4265,0.5
6198,0.5
1448,0.5
2258,0.5
6686,0.5
4060,0.5
6105,0.5
7970,0.5
6773,0.5
1413,0.5
2099,0.5
3756,0.5
888,0.5
3154,0.5
2283,0.5
1768,0.5
3292,0.5
7937,0.5
2520,0.5
5731,0.5
4451,0.5
1401,0.5
3839,0.5
5618,0.5
3515,0.5
2565,0.5
253,0.5
97,0.5
7091,0.5
5922,0.5
1580,0.5
3717,0.5
96,0.5
5812,0.5
3667,0.5
2093,0.5
6578,0.5
1062,0.5
3042,0.5
5364,0.5
3639,0.5
4396,0.5
6435,0.5
6576,0.5
6415,0.5
2112,0.5
336,0.5
4120,0.5
200,0.5
6214,0.5
7577,0.5
313,0.5
6379,0.5
4529,0.5
6121,0.5
3484,0.5
5534,0.5
8198,0.5
4602,0.5
5301,0.5
6685,0.5
8149,0.5
4655,0.5
739,0.5
3658,0.5
4381,0.5
2292,0.5
4094,0.5
1844,0.5
3836,0.5
3914,0.5
7230,0.5
7685,0.5
4805,0.5
6028,0.5
7742,0.5
3700,0.5
2819,0.5
654,0.5
525,0.5
5087,0.5
2817,0.5
8178,0.5
2389,0.5
7256,0.5
2538,0.5
6123,0.5
6761,0.5
6454,0.5
4712,0.5
3841,0.5
8110,0.5
1428,0.5
6572,0.5
2173,0.5
4132,0.5
1318,0.5
7393,0.5
8238,0.5
4540,0.5
1237,0.5
5993,0.5
890,0.5
5573,0.5
6301,0.5
4730,0.5
5075,0.5
7888,0.5
678,0.5
636,0.5
1203,0.5
6831,0.5
5079,0.5
7326,0.5
707,0.5
5938,0.5
7014,0.5
7211,0.5
7473,0.5
5274,0.5
4238,0.5
4617,0.5
2888,0.5
7492,0.5
4884,0.5
6129,0.5
505,0.5
5188,0.5
43,0.5
4331,0.5
6679,0.5
3340,0.5
8053,0.5
5670,0.5
3842,0.5
4823,0.5
7253,0.5
4606,0.5
878,0.5
2562,0.5
2785,0.5
8116,0.5
3797,0.5
8074,0.5
7926,0.5
7446,0.5
6149,0.5
6373,0.5
1206,0.5
70,0.5
3923,0.5
5970,0.5
7904,0.5
978,0.5
2215,0.5
1834,0.5
2451,0.5
2469,0.5
1741,0.5
1463,0.5
122,0.5
3389,0.5
3722,0.5
571,0.5
1569,0.5
7238,0.5
1964,0.5
4668,0.5
4716,0.5
5460,0.5
7902,0.5
221,0.5
1342,0.5
4206,0.5
6912,0.5
1367,0.5
3240,0.5
401,0.5
5625,0.5
4692,0.5
6417,0.5
7259,0.5
3906,0.5
377,0.5
2325,0.5
7470,0.5
1067,0.5
4290,0.5
867,0.5
5860,0.5
8207,0.5
299,0.5
6170,0.5
6647,0.5
1030,0.5
6950,0.5
6767,0.5
6584,0.5
6507,0.5
5033,0.5
3101,0.5
508,0.5
1019,0.5
1572,0.5
3427,0.5
6220,0.5
874,0.5
5934,0.5
4350,0.5
2140,0.5
1534,0.5
3204,0.5
6613,0.5
7812,0.5
3617,0.5
1675,0.5
1990,0.5
3192,0.5
606,0.5
3440,0.5
6458,0.5
8158,0.5
3955,0.5
3613,0.5
4945,0.5
5133,0.5
137,0.5
2835,0.5
3374,0.5
6180,0.5
3067,0.5
7894,0.5
7688,0.5
7305,0.5
4605,0.5
8140,0.5
1559,0.5
2617,0.5
3167,0.5
2453,0.5
2440,0.5
7486,0.5
3287,0.5
5144,0.5
7822,0.5
7940,0.5
1414,0.5
239,0.5
3257,0.5
4736,0.5
7667,0.5
5183,0.5
3164,0.5
6884,0.5
4477,0.5
1140,0.5
3586,0.5
5469,0.5
99,0.5
6571,0.5
244,0.5
796,0.5
2478,0.5
4283,0.5
1883,0.5
7519,0.5
1324,0.5
3828,0.5
6788,0.5
3096,0.5
6461,0.5
6697,0.5
5473,0.5
1287,0.5
2583,0.5
8228,0.5
3963,0.5
7192,0.5
4915,0.5
6807,0.5
216,0.5
8225,0.5
1657,0.5
3435,0.5
1611,0.5
6708,0.5
2259,0.5
2642,0.5
5536,0.5
2165,0.5
1941,0.5
180,0.5
1089,0.5
8130,0.5
1330,0.5
5137,0.5
6158,0.5
5181,0.5
1871,0.5
1124,0.5
8183,0.5
7451,0.5
5533,0.5
8193,0.5
7973,0.5
147,0.5
2902,0.5
3468,0.5
3992,0.5
2033,0.5
5637,0.5
6052,0.5
421,0.5
3054,0.5
7897,0.5
1672,0.5
4361,0.5
7324,0.5
7948,0.5
2071,0.5
5123,0.5
5016,0.5
8071,0.5
6000,0.5
3469,0.5
4191,0.5
3029,0.5
5121,0.5
5423,0.5
4700,0.5
3616,0.5
6042,0.5
1185,0.5
4252,0.5
3950,0.5
441,0.5
7306,0.5
5399,0.5
2507,0.5
1982,0.5
325,0.5
5139,0.5
1471,0.5
6136,0.5
3489,0.5
4516,0.5
4118,0.5
1901,0.5
2774,0.5
6982,0.5
3512,0.5
3092,0.5
1908,0.5
2244,0.5
1202,0.5
3086,0.5
1256,0.5
4644,0.5
6206,0.5
5171,0.5
3432,0.5
6575,0.5
7660,0.5
5784,0.5
5401,0.5
1059,0.5
5593,0.5
2580,0.5
3583,0.5
2564,0.5
7771,0.5
3003,0.5
7186,0.5
4508,0.5
7234,0.5
1633,0.5
2374,0.5
8068,0.5
6947,0.5
7572,0.5
670,0.5
1891,0.5
2169,0.5
6929,0.5
3379,0.5
3235,0.5
2500,0.5
5571,0.5
4999,0.5
340,0.5
3662,0.5
1139,0.5
191,0.5
5677,0.5
6516,0.5
4931,0.5
3365,0.5
368,0.5
7611,0.5
1558,0.5
3006,0.5
3271,0.5
4564,0.5
372,0.5
4557,0.5
6110,0.5
5506,0.5
6793,0.5
4348,0.5
8191,0.5
666,0.5
1020,0.5
1926,0.5
2639,0.5
5456,0.5
1460,0.5
150,0.5
1231,0.5
3386,0.5
657,0.5
1541,0.5
6616,0.5
4729,0.5
2608,0.5
6371,0.5
5454,0.5
7545,0.5
765,0.5
6680,0.5
2874,0.5
3810,0.5
3297,0.5
4498,0.5
3218,0.5
2276,0.5
4070,0.5
442,0.5
7204,0.5
2062,0.5
7122,0.5
4168,0.5
7331,0.5
6457,0.5
3013,0.5
5648,0.5
6124,0.5
7442,0.5
4766,0.5
5711,0.5
7078,0.5
4612,0.5
1329,0.5
8055,0.5
290,0.5
6707,0.5
5093,0.5
4585,0.5
3095,0.5
752,0.5
7220,0.5
6530,0.5
7844,0.5
4559,0.5
725,0.5
2405,0.5
5113,0.5
4798,0.5
2308,0.5
6991,0.5
3027,0.5
5090,0.5
7638,0.5
1012,0.5
3380,0.5
837,0.5
4062,0.5
1274,0.5
2203,0.5
5389,0.5
961,0.5
201,0.5
4698,0.5
5245,0.5
1035,0.5
3268,0.5
7045,0.5
7679,0.5
1696,0.5
259,0.5
2631,0.5
6951,0.5
6243,0.5
6641,0.5
7185,0.5
3418,0.5
6862,0.5
2031,0.5
7835,0.5
7281,0.5
845,0.5
6585,0.5
728,0.5
1656,0.5
1660,0.5
2426,0.5
1507,0.5
1346,0.5
5612,0.5
6213,0.5
2749,0.5
3522,0.5
7536,0.5
7564,0.5
7038,0.5
7971,0.5
7069,0.5
2853,0.5
1384,0.5
3228,0.5
500,0.5
7731,0.5
374,0.5
5587,0.5
7415,0.5
2727,0.5
159,0.5
6247,0.5
262,0.5
7370,0.5
5592,0.5
1894,0.5
5316,0.5
1379,0.5
1839,0.5
679,0.5
2935,0.5
2281,0.5
3252,0.5
5230,0.5
1120,0.5
5507,0.5
177,0.5
7248,0.5
7034,0.5
2205,0.5
6582,0.5
6995,0.5
4415,0.5
4650,0.5
2612,0.5
6481,0.5
6872,0.5
5852,0.5
4101,0.5
7210,0.5
4254,0.5
3430,0.5
81,0.5
5343,0.5
8004,0.5
7135,0.5
4504,0.5
1242,0.5
6453,0.5
4574,0.5
3121,0.5
5362,0.5
833,0.5
4647,0.5
3942,0.5
6436,0.5
404,0.5
466,0.5
2240,0.5
3642,0.5
5303,0.5
513,0.5
5158,0.5
6108,0.5
5291,0.5
6099,0.5
7458,0.5
5398,0.5
1943,0.5
6144,0.5
3183,0.5
5315,0.5
511,0.5
7439,0.5
4485,0.5
5535,0.5
5120,0.5
4017,0.5
1566,0.5
7067,0.5
1840,0.5
7143,0.5
2094,0.5
6495,0.5
7157,0.5
3017,0.5
1557,0.5
6020,0.5
2930,0.5
2556,0.5
4530,0.5
7117,0.5
5513,0.5
7842,0.5
2871,0.5
6065,0.5
4953,0.5
251,0.5
2078,0.5
5992,0.5
4707,0.5
7057,0.5
3517,0.5
4293,0.5
5332,0.5
6196,0.5
627,0.5
4626,0.5
3392,0.5
6018,0.5
2922,0.5
6444,0.5
2943,0.5
1368,0.5
594,0.5
5901,0.5
1490,0.5
7042,0.5
8185,0.5
968,0.5
1298,0.5
3279,0.5
3197,0.5
184,0.5
269,0.5
4744,0.5
4624,0.5
2823,0.5
1968,0.5
4625,0.5
7422,0.5
1372,0.5
5609,0.5
1276,0.5
5095,0.5
2563,0.5
7226,0.5
6989,0.5
6781,0.5
3924,0.5
2032,0.5
4081,0.5
4042,0.5
1733,0.5
2614,0.5
5984,0.5
5320,0.5
2626,0.5
7870,0.5
1216,0.5
2579,0.5
539,0.5
6389,0.5
559,0.5
1837,0.5
7338,0.5
2431,0.5
220,0.5
5769,0.5
2114,0.5
2218,0.5
378,0.5
1305,0.5
2975,0.5
2412,0.5
2310,0.5
1417,0.5
7432,0.5
2996,0.5
5258,0.5
6642,0.5
1271,0.5
6385,0.5
3280,0.5
4289,0.5
4599,0.5
353,0.5
4488,0.5
1748,0.5
5733,0.5
1423,0.5
6182,0.5
673,0.5
2435,0.5
7916,0.5
4925,0.5
1939,0.5
3286,0.5
2828,0.5
925,0.5
5380,0.5
6412,0.5
7922,0.5
4164,0.5
7644,0.5
6438,0.5
5953,0.5
933,0.5
7066,0.5
1615,0.5
5692,0.5
526,0.5
3532,0.5
6715,0.5
6821,0.5
3299,0.5
1833,0.5
8017,0.5
2963,0.5
3421,0.5
3731,0.5
7868,0.5
1722,0.5
56,0.5
6777,0.5
2799,0.5
3284,0.5
3032,0.5
3622,0.5
2501,0.5
3554,0.5
6332,0.5
7668,0.5
6536,0.5
4839,0.5
7618,0.5
5951,0.5
1716,0.5
5118,0.5
4098,0.5
6355,0.5
2392,0.5
3381,0.5
6506,0.5
2524,0.5
4843,0.5
2181,0.5
4892,0.5
2170,0.5
5003,0.5
1864,0.5
7915,0.5
996,0.5
5553,0.5
4861,0.5
1340,0.5
2696,0.5
25,0.5
4177,0.5
5427,0.5
8157,0.5
3409,0.5
3329,0.5
4272,0.5
5619,0.5
6869,0.5
6037,0.5
3741,0.5
5969,0.5
2987,0.5
732,0.5
365,0.5
7526,0.5
3750,0.5
6322,0.5
139,0.5
6919,0.5
1038,0.5
8156,0.5
2666,0.5
2695,0.5
7372,0.5
509,0.5
7285,0.5
7661,0.5
7463,0.5
588,0.5
2790,0.5
5517,0.5
626,0.5
2222,0.5
1469,0.5
576,0.5
229,0.5
8200,0.5
7125,0.5
7268,0.5
6472,0.5
1793,0.5
7010,0.5
973,0.5
4441,0.5
4210,0.5
3178,0.5
3790,0.5
4604,0.5
2986,0.5
4755,0.5
7837,0.5
5218,0.5
8182,0.5
7525,0.5
8025,0.5
3102,0.5
176,0.5
2474,0.5
105,0.5
460,0.5
1159,0.5
5154,0.5
5309,0.5
4487,0.5
8153,0.5
6570,0.5
4782,0.5
5267,0.5
788,0.5
4865,0.5
152,0.5
1155,0.5
7269,0.5
5300,0.5
212,0.5
2552,0.5
1295,0.5
5231,0.5
4981,0.5
3840,0.5
2251,0.5
6175,0.5
7475,0.5
7852,0.5
7815,0.5
6619,0.5
1419,0.5
1119,0.5
645,0.5
54,0.5
7068,0.5
5518,0.5
2132,0.5
4503,0.5
7047,0.5
1473,0.5
3462,0.5
2769,0.5
4464,0.5
2381,0.5
226,0.5
294,0.5
4701,0.5
2373,0.5
7717,0.5
8210,0.5
7167,0.5
3339,0.5
3614,0.5
4886,0.5
3984,0.5
5709,0.5
6665,0.5
6661,0.5
6460,0.5
1390,0.5
547,0.5
3597,0.5
3145,0.5
1526,0.5
695,0.5
3211,0.5
4977,0.5
4544,0.5
2011,0.5
2269,0.5
4875,0.5
6102,0.5
3999,0.5
3974,0.5
5107,0.5
2082,0.5
6135,0.5
5021,0.5
1094,0.5
3794,0.5
517,0.5
3236,0.5
1831,0.5
3578,0.5
4175,0.5
2097,0.5
612,0.5
3647,0.5
4879,0.5
5447,0.5
7187,0.5
3076,0.5
1694,0.5
6510,0.5
814,0.5
5519,0.5
7972,0.5
693,0.5
3758,0.5
2357,0.5
1479,0.5
5253,0.5
8122,0.5
2809,0.5
7596,0.5
2184,0.5
2882,0.5
847,0.5
5673,0.5
966,0.5
3230,0.5
6521,0.5
3933,0.5
5477,0.5
1978,0.5
4047,0.5
2050,0.5
3728,0.5
4771,0.5
5811,0.5
2699,0.5
7212,0.5
5880,0.5
4715,0.5
8109,0.5
1884,0.5
742,0.5
2743,0.5
5220,0.5
6368,0.5
7775,0.5
1948,0.5
4794,0.5
3084,0.5
5644,0.5
3179,0.5
8166,0.5
3588,0.5
777,0.5
5370,0.5
379,0.5
4628,0.5
4888,0.5
1875,0.5
364,0.5
7583,0.5
3150,0.5
4860,0.5
5763,0.5
3580,0.5
7011,0.5
1836,0.5
2331,0.5
4075,0.5
1043,0.5
7506,0.5
4500,0.5
3212,0.5
3093,0.5
3038,0.5
7728,0.5
5338,0.5
8139,0.5
3621,0.5
2350,0.5
8106,0.5
5486,0.5
8073,0.5
2775,0.5
4881,0.5
6021,0.5
1886,0.5
650,0.5
5888,0.5
4709,0.5
1394,0.5
6325,0.5
2791,0.5
4363,0.5
2781,0.5
6893,0.5
4303,0.5
7064,0.5
3069,0.5
393,0.5
1932,0.5
1570,0.5
1917,0.5
5082,0.5
6856,0.5
6696,0.5
8218,0.5
969,0.5
5710,0.5
891,0.5
7850,0.5
5576,0.5
5012,0.5
7150,0.5
5314,0.5
3407,0.5
653,0.5
2916,0.5
5162,0.5
1816,0.5
1225,0.5
2644,0.5
2671,0.5
3954,0.5
4565,0.5
6200,0.5
5357,0.5
2504,0.5
6899,0.5
7718,0.5
3904,0.5
1499,0.5
4100,0.5
2904,0.5
5515,0.5
5621,0.5
6358,0.5
6469,0.5
4885,0.5
729,0.5
2424,0.5
3913,0.5
3456,0.5
7581,0.5
3656,0.5
7854,0.5
3482,0.5
3041,0.5
1503,0.5
6573,0.5
4450,0.5
4758,0.5
6004,0.5
5412,0.5
5358,0.5
4121,0.5
3748,0.5
4669,0.5
6455,0.5
7498,0.5
3930,0.5
2118,0.5
1800,0.5
5127,0.5
5558,0.5
3184,0.5
7399,0.5
5510,0.5
6514,0.5
1010,0.5
4590,0.5
5925,0.5
6306,0.5
4871,0.5
2214,0.5
1024,0.5
8148,0.5
4592,0.5
6933,0.5
135,0.5
824,0.5
3737,0.5
2737,0.5
7903,0.5
7430,0.5
14,0.5
3396,0.5
8095,0.5
2296,0.5
1877,0.5
7246,0.5
3342,0.5
231,0.5
2388,0.5
6794,0.5
3238,0.5
6833,0.5
5340,0.5
5169,0.5
3821,0.5
399,0.5
873,0.5
6448,0.5
3792,0.5
206,0.5
4891,0.5
1723,0.5
1812,0.5
3317,0.5
4064,0.5
7825,0.5
3301,0.5
3625,0.5
642,0.5
1143,0.5
1626,0.5
252,0.5
7313,0.5
4069,0.5
3861,0.5
783,0.5
1239,0.5
2611,0.5
7823,0.5
7071,0.5
1275,0.5
4076,0.5
931,0.5
2213,0.5
2016,0.5
5761,0.5
2759,0.5
3466,0.5
3786,0.5
7766,0.5
6222,0.5
2131,0.5
4261,0.5
4724,0.5
1199,0.5
733,0.5
396,0.5
2558,0.5
7740,0.5
736,0.5
2878,0.5
3383,0.5
6789,0.5
7398,0.5
6594,0.5
7247,0.5
6519,0.5
536,0.5
2708,0.5
3159,0.5
7497,0.5
4820,0.5
4376,0.5
8105,0.5
7275,0.5
3411,0.5
6524,0.5
8168,0.5
7357,0.5
4923,0.5
1127,0.5
6654,0.5
2299,0.5
392,0.5
1895,0.5
5956,0.5
4750,0.5
4292,0.5
6931,0.5
5000,0.5
6631,0.5
2212,0.5
806,0.5
2676,0.5
3202,0.5
4809,0.5
4832,0.5
3349,0.5
6512,0.5
8220,0.5
2736,0.5
4388,0.5
2539,0.5
345,0.5
1229,0.5
3871,0.5
5031,0.5
3715,0.5
4463,0.5
5818,0.5
6081,0.5
5260,0.5
6047,0.5
4534,0.5
6668,0.5
3712,0.5
1985,0.5
1100,0.5
6877,0.5
1651,0.5
1953,0.5
3010,0.5
5806,0.5
1235,0.5
4848,0.5
5254,0.5
3592,0.5
5597,0.5
3701,0.5
6155,0.5
6910,0.5
3290,0.5
5232,0.5
7105,0.5
3022,0.5
2818,0.5
6015,0.5
4383,0.5
6972,0.5
6484,0.5
3437,0.5
3602,0.5
4603,0.5
6854,0.5
7790,0.5
6562,0.5
5987,0.5
1851,0.5
7880,0.5
794,0.5
4702,0.5
1940,0.5
2697,0.5
1389,0.5
4378,0.5
1221,0.5
1644,0.5
4126,0.5
1814,0.5
1210,0.5
1600,0.5
6694,0.5
4571,0.5
3115,0.5
792,0.5
3461,0.5
7444,0.5
2600,0.5
202,0.5
6266,0.5
2901,0.5
7701,0.5
871,0.5
2101,0.5
4667,0.5
6262,0.5
6599,0.5
3872,0.5
4979,0.5
1799,0.5
3214,0.5
1610,0.5
1784,0.5
5808,0.5
3259,0.5
4086,0.5
2228,0.5
6690,0.5
2698,0.5
3800,0.5
4422,0.5
686,0.5
3694,0.5
1605,0.5
3051,0.5
7979,0.5
2537,0.5
1888,0.5
7895,0.5
7535,0.5
1774,0.5
7293,0.5
6709,0.5
6847,0.5
3769,0.5
7566,0.5
1709,0.5
896,0.5
990,0.5
265,0.5
7258,0.5
8223,0.5
5695,0.5
6419,0.5
1013,0.5
5339,0.5
6413,0.5
493,0.5
484,0.5
6879,0.5
2841,0.5
7653,0.5
7938,0.5
6496,0.5
1979,0.5
5681,0.5
5707,0.5
5959,0.5
6871,0.5
4747,0.5
478,0.5
3897,0.5
3922,0.5
4198,0.5
4887,0.5
126,0.5
8065,0.5
2903,0.5
1360,0.5
1710,0.5
6056,0.5
3209,0.5
7686,0.5
5168,0.5
762,0.5
48,0.5
1178,0.5
7160,0.5
7336,0.5
7657,0.5
3585,0.5
4136,0.5
2076,0.5
3546,0.5
2606,0.5
7944,0.5
1942,0.5
2789,0.5
2662,0.5
5410,0.5
6031,0.5
4295,0.5
2842,0.5
2288,0.5
2141,0.5
5684,0.5
3446,0.5
1136,0.5
4633,0.5
5884,0.5
310,0.5
1604,0.5
6915,0.5
4332,0.5
2625,0.5
1613,0.5
7303,0.5
5829,0.5
953,0.5
3908,0.5
7394,0.5
5297,0.5
6936,0.5
2509,0.5
2161,0.5
7962,0.5
5654,0.5
7330,0.5
6278,0.5
6257,0.5
124,0.5
1014,0.5
3730,0.5
5467,0.5
7352,0.5
1983,0.5
2096,0.5
8040,0.5
7483,0.5
3390,0.5
1147,0.5
6588,0.5
1388,0.5
7981,0.5
2289,0.5
5624,0.5
2489,0.5
1356,0.5
7000,0.5
1852,0.5
7127,0.5
7263,0.5
4033,0.5
5083,0.5
5623,0.5
6152,0.5
2248,0.5
4800,0.5
1445,0.5
5704,0.5
3852,0.5
546,0.5
348,0.5
841,0.5
6511,0.5
7975,0.5
7616,0.5
5626,0.5
5679,0.5
2379,0.5
227,0.5
192,0.5
5870,0.5
1773,0.5
354,0.5
8041,0.5
300,0.5
4285,0.5
3048,0.5
381,0.5
6829,0.5
6604,0.5
731,0.5
4514,0.5
2216,0.5
8079,0.5
2768,0.5
6960,0.5
6627,0.5
5678,0.5
6851,0.5
6403,0.5
39,0.5
6034,0.5
5843,0.5
6692,0.5
1810,0.5
1244,0.5
1392,0.5
6552,0.5
6130,0.5
1517,0.5
7274,0.5
5885,0.5
5306,0.5
7007,0.5
1528,0.5
4148,0.5
6104,0.5
1691,0.5
3062,0.5
8026,0.5
3997,0.5
6384,0.5
4927,0.5
3445,0.5
4267,0.5
7558,0.5
6863,0.5
5800,0.5
6094,0.5
3982,0.5
5751,0.5
5762,0.5
6219,0.5
1152,0.5
5441,0.5
4342,0.5
4898,0.5
2576,0.5
7933,0.5
7684,0.5
1765,0.5
2569,0.5
5091,0.5
6133,0.5
1965,0.5
965,0.5
2486,0.5
7612,0.5
7659,0.5
760,0.5
2286,0.5
153,0.5
1369,0.5
7918,0.5
7206,0.5
7923,0.5
3832,0.5
7020,0.5
5782,0.5
6058,0.5
854,0.5
4280,0.5
6439,0.5
3449,0.5
2028,0.5
5205,0.5
1226,0.5
2254,0.5
2589,0.5
2195,0.5
5036,0.5
6842,0.5
5602,0.5
5449,0.5
2620,0.5
7364,0.5
3248,0.5
7524,0.5
7664,0.5
1164,0.5
6425,0.5
5393,0.5
5561,0.5
6490,0.5
7770,0.5
5390,0.5
6581,0.5
1721,0.5
4675,0.5
5018,0.5
3404,0.5
2211,0.5
6212,0.5
5566,0.5
5099,0.5
3596,0.5
6734,0.5
5622,0.5
5295,0.5
4401,0.5
5531,0.5
1737,0.5
3563,0.5
7254,0.5
118,0.5
1047,0.5
8019,0.5
7625,0.5
1205,0.5
5985,0.5
6598,0.5
4071,0.5
1767,0.5
430,0.5
1612,0.5
549,0.5
1044,0.5
7920,0.5
1854,0.5
4113,0.5
921,0.5
713,0.5
4061,0.5
3391,0.5
7118,0.5
2438,0.5
4987,0.5
4242,0.5
3057,0.5
7131,0.5
5849,0.5
7630,0.5
7049,0.5
3035,0.5
3577,0.5
4985,0.5
2947,0.5
5147,0.5
3747,0.5
173,0.5
7989,0.5
1370,0.5
2466,0.5
1846,0.5
7942,0.5
8235,0.5
6064,0.5
3776,0.5
5543,0.5
4091,0.5
4239,0.5
4039,0.5
3491,0.5
5585,0.5
2098,0.5
7141,0.5
669,0.5
7146,0.5
6787,0.5
8050,0.5
2074,0.5
2742,0.5
409,0.5
6488,0.5
3361,0.5
4726,0.5
1113,0.5
3847,0.5
1551,0.5
6268,0.5
4799,0.5
7677,0.5
3600,0.5
1488,0.5
6414,0.5
5505,0.5
5446,0.5
4389,0.5
947,0.5
7726,0.5
3377,0.5
688,0.5
758,0.5
4719,0.5
1156,0.5
222,0.5
1975,0.5
4349,0.5
4745,0.5
3231,0.5
1060,0.5
6207,0.5
578,0.5
3915,0.5
2667,0.5
4370,0.5
5153,0.5
7930,0.5
2952,0.5
4372,0.5
5783,0.5
7111,0.5
3823,0.5
8020,0.5
1912,0.5
939,0.5
4179,0.5
5699,0.5
3801,0.5
4841,0.5
224,0.5
4869,0.5
2147,0.5
246,0.5
1179,0.5
7282,0.5
4558,0.5
108,0.5
5803,0.5
6074,0.5
980,0.5
7243,0.5
4872,0.5
7956,0.5
2055,0.5
7550,0.5
4783,0.5
2200,0.5
2115,0.5
624,0.5
3173,0.5
2237,0.5
2681,0.5
1683,0.5
6669,0.5
1554,0.5
128,0.5
6753,0.5
4680,0.5
981,0.5
287,0.5
562,0.5
1166,0.5
7607,0.5
3885,0.5
785,0.5
5917,0.5
6128,0.5
5730,0.5
1246,0.5
4705,0.5
6628,0.5
2837,0.5
5411,0.5
7804,0.5
3358,0.5
4802,0.5
5072,0.5
4693,0.5
3263,0.5
8043,0.5
3703,0.5
7377,0.5
7147,0.5
6039,0.5
331,0.5
2647,0.5
7743,0.5
4852,0.5
904,0.5
4294,0.5
3063,0.5
8151,0.5
5605,0.5
2155,0.5
6923,0.5
3796,0.5
1008,0.5
2581,0.5
4986,0.5
7053,0.5
7587,0.5
1742,0.5
3553,0.5
1727,0.5
4524,0.5
2347,0.5
7245,0.5
1481,0.5
6955,0.5
6861,0.5
3785,0.5
8197,0.5
5206,0.5
4658,0.5
7262,0.5
2164,0.5
7663,0.5
2932,0.5
2105,0.5
949,0.5
3504,0.5
2634,0.5
1290,0.5
7697,0.5
2394,0.5
1208,0.5
273,0.5
5982,0.5
2912,0.5
592,0.5
6378,0.5
5847,0.5
6687,0.5
2951,0.5
681,0.5
4511,0.5
3258,0.5
699,0.5
5514,0.5
7435,0.5
1518,0.5
101,0.5
3354,0.5
4577,0.5
2066,0.5
7826,0.5
91,0.5
4749,0.5
857,0.5
5243,0.5
7016,0.5
753,0.5
3081,0.5
7079,0.5
2808,0.5
3193,0.5
6802,0.5
3846,0.5
2728,0.5
2323,0.5
2069,0.5
4486,0.5
6392,0.5
1455,0.5
432,0.5
1345,0.5
1040,0.5
6525,0.5
5002,0.5
44,0.5
168,0.5
750,0.5
6817,0.5
3170,0.5
5222,0.5
4866,0.5
737,0.5
3687,0.5
360,0.5
7647,0.5
1315,0.5
1046,0.5
7189,0.5
4567,0.5
7346,0.5
4683,0.5
6883,0.5
4496,0.5
19,0.5
7996,0.5
3499,0.5
8032,0.5
6260,0.5
2897,0.5
1596,0.5
474,0.5
7821,0.5
4905,0.5
2767,0.5
7569,0.5
497,0.5
6527,0.5
7593,0.5
5305,0.5
6221,0.5
6640,0.5
3998,0.5
5643,0.5
90,0.5
4377,0.5
2908,0.5
2765,0.5
3557,0.5
7089,0.5
2366,0.5
5312,0.5
630,0.5
2885,0.5
7428,0.5
7650,0.5
4055,0.5
6459,0.5
4613,0.5
983,0.5
1562,0.5
261,0.5
293,0.5
284,0.5
3423,0.5
7438,0.5
6397,0.5
5794,0.5
5067,0.5
4813,0.5
4397,0.5
4425,0.5
4123,0.5
5108,0.5
207,0.5
418,0.5
3620,0.5
3060,0.5
2107,0.5
2754,0.5
3713,0.5
5971,0.5
5351,0.5
5523,0.5
4036,0.5
2104,0.5
1411,0.5
7033,0.5
6281,0.5
5685,0.5
720,0.5
5537,0.5
1842,0.5
4409,0.5
5160,0.5
1868,0.5
3507,0.5
5246,0.5
4989,0.5
7714,0.5
4128,0.5
1456,0.5
1163,0.5
2386,0.5
2268,0.5
4483,0.5
4423,0.5
5655,0.5
5613,0.5
6713,0.5
3288,0.5
5040,0.5
6405,0.5
863,0.5
2792,0.5
6239,0.5
839,0.5
7957,0.5
5202,0.5
1289,0.5
3610,0.5
8232,0.5
3245,0.5
8115,0.5
245,0.5
2095,0.5
7264,0.5
318,0.5
5281,0.5
1867,0.5
5035,0.5
8082,0.5
1631,0.5
357,0.5
395,0.5
47,0.5
2632,0.5
120,0.5
782,0.5
5045,0.5
3328,0.5
2024,0.5
1213,0.5
7534,0.5
6845,0.5
2303,0.5
1872,0.5
945,0.5
4140,0.5
1524,0.5
7744,0.5
5700,0.5
4906,0.5
6505,0.5
6658,0.5
7573,0.5
4399,0.5
4543,0.5
2174,0.5
3760,0.5
4107,0.5
7993,0.5
6537,0.5
2477,0.5
6033,0.5
4190,0.5
7407,0.5
3603,0.5
3740,0.5
5480,0.5
6095,0.5
1385,0.5
7592,0.5
1220,0.5
4899,0.5
6964,0.5
6420,0.5
1934,0.5
5651,0.5
3158,0.5
5822,0.5
1486,0.5
6832,0.5
3815,0.5
5059,0.5
2544,0.5
5374,0.5
2030,0.5
1050,0.5
6522,0.5
6541,0.5
5844,0.5
2972,0.5
2993,0.5
1538,0.5
4165,0.5
6299,0.5
3273,0.5
2444,0.5
6544,0.5
1593,0.5
7543,0.5
5416,0.5
3805,0.5
6067,0.5
5165,0.5
7649,0.5
4566,0.5
6356,0.5
6977,0.5
2176,0.5
3831,0.5
5838,0.5
3565,0.5
5724,0.5
6932,0.5
7142,0.5
4338,0.5
3394,0.5
2914,0.5
5660,0.5
6092,0.5
3473,0.5
3070,0.5
4589,0.5
4666,0.5
3452,0.5
1809,0.5
7026,0.5
6293,0.5
6372,0.5
8213,0.5
7522,0.5
1956,0.5
7048,0.5
1673,0.5
4434,0.5
8131,0.5
5331,0.5
6941,0.5
6393,0.5
6712,0.5
879,0.5
4893,0.5
7340,0.5
141,0.5
2747,0.5
7022,0.5
2090,0.5
924,0.5
4201,0.5
7270,0.5
6546,0.5
2648,0.5
1430,0.5
3972,0.5
2456,0.5
6467,0.5
4816,0.5
6150,0.5
1529,0.5
1630,0.5
7419,0.5
2861,0.5
2356,0.5
1761,0.5
6259,0.5
1128,0.5
4864,0.5
5233,0.5
2210,0.5
7541,0.5
7155,0.5
1171,0.5
7713,0.5
7443,0.5
858,0.5
390,0.5
564,0.5
3486,0.5
453,0.5
3652,0.5
2738,0.5
5324,0.5
1686,0.5
7702,0.5
3676,0.5
5830,0.5
3878,0.5
6470,0.5
5682,0.5
7315,0.5
3099,0.5
1016,0.5
4629,0.5
7806,0.5
59,0.5
658,0.5
238,0.5
4982,0.5
1632,0.5
7698,0.5
5341,0.5
5476,0.5
6904,0.5
3323,0.5
5041,0.5
748,0.5
1092,0.5
5611,0.5
2831,0.5
1931,0.5
6230,0.5
302,0.5
1211,0.5
3743,0.5
2267,0.5
1325,0.5
8205,0.5
7257,0.5
3148,0.5
771,0.5
1263,0.5
7792,0.5
6867,0.5
1935,0.5
2948,0.5
5275,0.5
3226,0.5
2025,0.5
4193,0.5
4281,0.5
3886,0.5
4746,0.5
6286,0.5
305,0.5
2953,0.5
5235,0.5
6853,0.5
781,0.5
50,0.5
8045,0.5
5567,0.5
6326,0.5
4699,0.5
2541,0.5
4404,0.5
4941,0.5
8028,0.5
2344,0.5
5915,0.5
1966,0.5
3138,0.5
5191,0.5
6583,0.5
2265,0.5
1320,0.5
2855,0.5
3008,0.5
8161,0.5
6639,0.5
3539,0.5
1905,0.5
7774,0.5
1821,0.5
7739,0.5
1824,0.5
3221,0.5
4786,0.5
3217,0.5
4040,0.5
2832,0.5
3711,0.5
1585,0.5
4258,0.5
2406,0.5
6073,0.5
7465,0.5
3011,0.5
4639,0.5
3426,0.5
647,0.5
6061,0.5
270,0.5
2408,0.5
2209,0.5
7,0.5
3824,0.5
155,0.5
2370,0.5
5130,0.5
4868,0.5
208,0.5
23,0.5
4226,0.5
4031,0.5
2966,0.5
3321,0.5
7172,0.5
3827,0.5
6596,0.5
3959,0.5
8132,0.5
2219,0.5
6088,0.5
4387,0.5
621,0.5
2523,0.5
170,0.5
5200,0.5
548,0.5
1194,0.5
4740,0.5
386,0.5
4452,0.5
5282,0.5
4942,0.5
1483,0.5
5375,0.5
63,0.5
136,0.5
1005,0.5
5876,0.5
3064,0.5
1021,0.5
3966,0.5
4803,0.5
3369,0.5
8089,0.5
42,0.5
7031,0.5
5747,0.5
4460,0.5
2740,0.5
7605,0.5
1109,0.5
3907,0.5
28,0.5
5759,0.5
7853,0.5
622,0.5
5563,0.5
7949,0.5
3653,0.5
6285,0.5
6666,0.5
7814,0.5
3752,0.5
3936,0.5
4996,0.5
7891,0.5
1403,0.5
2553,0.5
6610,0.5
5504,0.5
3191,0.5
2445,0.5
4631,0.5
8029,0.5
6023,0.5
3416,0.5
113,0.5
5151,0.5
6891,0.5
2243,0.5
1801,0.5
6600,0.5
1617,0.5
1285,0.5
4037,0.5
652,0.5
7642,0.5
897,0.5
894,0.5
2410,0.5
6816,0.5
6984,0.5
5921,0.5
790,0.5
3497,0.5
7654,0.5
6744,0.5
4142,0.5
4438,0.5
1391,0.5
7337,0.5
2609,0.5
3768,0.5
4218,0.5
4880,0.5
4753,0.5
7241,0.5
4990,0.5
75,0.5
4347,0.5
7507,0.5
5570,0.5
2417,0.5
4224,0.5
5913,0.5
1951,0.5
4172,0.5
2368,0.5
5434,0.5
581,0.5
2402,0.5
4266,0.5
1074,0.5
565,0.5
7733,0.5
3844,0.5
1567,0.5
912,0.5
5394,0.5
8180,0.5
4649,0.5
3457,0.5
2636,0.5
2294,0.5
883,0.5
7367,0.5
2705,0.5
767,0.5
3000,0.5
7758,0.5
567,0.5
6688,0.5
327,0.5
6400,0.5
6896,0.5
4184,0.5
5081,0.5
16,0.5
2880,0.5
2450,0.5
3921,0.5
4734,0.5
5428,0.5
1284,0.5
6424,0.5
7736,0.5
1599,0.5
5647,0.5
8046,0.5
4759,0.5
5551,0.5
1857,0.5
7765,0.5
5273,0.5
997,0.5
5777,0.5
7756,0.5
1620,0.5
7855,0.5
5451,0.5
6569,0.5
2230,0.5
4373,0.5
6959,0.5
4219,0.5
2270,0.5
2494,0.5
6859,0.5
4023,0.5
4636,0.5
408,0.5
7537,0.5
471,0.5
7388,0.5
3937,0.5
951,0.5
4149,0.5
1539,0.5
4819,0.5
7227,0.5
2970,0.5
6607,0.5
1753,0.5
6784,0.5
4004,0.5
3090,0.5
601,0.5
2805,0.5
1638,0.5
8160,0.5
3364,0.5
2710,0.5
1898,0.5
8072,0.5
4918,0.5
542,0.5
7828,0.5
2997,0.5
5676,0.5
2495,0.5
6608,0.5
3690,0.5
597,0.5
5614,0.5
1563,0.5
2857,0.5
4681,0.5
6706,0.5
1681,0.5
317,0.5
7343,0.5
4643,0.5
3735,0.5
5954,0.5
1334,0.5
2683,0.5
1512,0.5
3774,0.5
6672,0.5
5500,0.5
8120,0.5
4572,0.5
1169,0.5
827,0.5
7917,0.5
2425,0.5
1122,0.5
6370,0.5
4305,0.5
2,0.5
7704,0.5
7294,0.5
7054,0.5
4386,0.5
6395,0.5
7969,0.5
2802,0.5
1969,0.5
3058,0.5
5244,0.5
1233,0.5
3883,0.5
4078,0.5
6557,0.5
2860,0.5
5135,0.5
7132,0.5
2151,0.5
4810,0.5
1105,0.5
6901,0.5
5701,0.5
5512,0.5
1017,0.5
2365,0.5
3573,0.5
5042,0.5
1421,0.5
4362,0.5
5436,0.5
5610,0.5
7859,0.5
2845,0.5
2311,0.5
1527,0.5
3849,0.5
4795,0.5
5981,0.5
1641,0.5
394,0.5
916,0.5
4437,0.5
7800,0.5
2627,0.5
5669,0.5
6241,0.5
6683,0.5
4317,0.5
6010,0.5
4546,0.5
4228,0.5
7499,0.5
7810,0.5
3606,0.5
8023,0.5
2189,0.5
7909,0.5
4867,0.5
5928,0.5
5502,0.5
4214,0.5
465,0.5
7145,0.5
1111,0.5
3795,0.5
7252,0.5
2873,0.5
2641,0.5
4607,0.5
2668,0.5
4134,0.5
8044,0.5
5189,0.5
7866,0.5
586,0.5
922,0.5
5464,0.5
1071,0.5
1986,0.5
1300,0.5
5595,0.5
2917,0.5
6203,0.5
2122,0.5
2938,0.5
7280,0.5
527,0.5
5100,0.5
2183,0.5
5484,0.5
6330,0.5
6411,0.5
7418,0.5
5789,0.5
5429,0.5
7153,0.5
411,0.5
6122,0.5
5014,0.5
1412,0.5
5173,0.5
6918,0.5
6973,0.5
234,0.5
4919,0.5
4143,0.5
6041,0.5
6279,0.5
3734,0.5
5764,0.5
1310,0.5
4936,0.5
6327,0.5
6978,0.5
2649,0.5
7495,0.5
3514,0.5
7772,0.5
8096,0.5
709,0.5
1795,0.5
7872,0.5
8066,0.5
5328,0.5
7021,0.5
5372,0.5
7190,0.5
7627,0.5
483,0.5
3123,0.5
1440,0.5
2651,0.5
2596,0.5
2135,0.5
2850,0.5
2172,0.5
6100,0.5
3278,0.5
2264,0.5
791,0.5
6769,0.5
6049,0.5
8154,0.5
4833,0.5
1381,0.5
7968,0.5
3757,0.5
823,0.5
1319,0.5
1603,0.5
5366,0.5
5192,0.5
7913,0.5
5889,0.5
2463,0.5
1359,0.5
7348,0.5
620,0.5
62,0.5
45,0.5
2291,0.5
1380,0.5
1322,0.5
5914,0.5
6674,0.5
4019,0.5
4400,0.5
1011,0.5
1215,0.5
7908,0.5
361,0.5
4093,0.5
4632,0.5
3864,0.5
1876,0.5
5287,0.5
1725,0.5
1874,0.5
2594,0.5
1331,0.5
2958,0.5
2395,0.5
6890,0.5
5422,0.5
5799,0.5
7696,0.5
6391,0.5
73,0.5
884,0.5
1967,0.5
8143,0.5
5265,0.5
4207,0.5
7350,0.5
1248,0.5
7209,0.5
6739,0.5
3859,0.5
7138,0.5
1945,0.5
1080,0.5
4028,0.5
5887,0.5
987,0.5
2714,0.5
5336,0.5
2202,0.5
2293,0.5
3733,0.5
6846,0.5
438,0.5
2957,0.5
1251,0.5
7562,0.5
6468,0.5
6283,0.5
749,0.5
6813,0.5
5404,0.5
7244,0.5
1181,0.5
2361,0.5
3322,0.5
5212,0.5
4929,0.5
7633,0.5
7351,0.5
3357,0.5
5106,0.5
343,0.5
7080,0.5
5908,0.5
573,0.5
7178,0.5
4277,0.5
3071,0.5
963,0.5
812,0.5
7809,0.5
819,0.5
5741,0.5
5926,0.5
3194,0.5
2471,0.5
1960,0.5
6292,0.5
942,0.5
3660,0.5
3333,0.5
6938,0.5
4213,0.5
2246,0.5
4144,0.5
1269,0.5
4196,0.5
2999,0.5
1642,0.5
